BOND_L,nan,CLOSE_PRICE_AMT,isNotNull,()
BOND_L,nan,CLOSE_PRICE_AMT,isGreaterThan,(0)
BOND_L,nan,CLOSE_PRICE_AMT,isLessThan,nan
BOND_L,nan,CLOSE_PRICE_AMT,AmtIsLessThan,(1 000 000 000, 'CAD', CURRENCY)
BOND_L,nan,CLOSE_PRICE_AMT,inDomain,nan
BOND_L,nan,CURRENCY,isNotNull,()
BOND_L,nan,CURRENCY,isGreaterThan,nan
BOND_L,nan,CURRENCY,isLessThan,nan
BOND_L,nan,CURRENCY,AmtIsLessThan,nan
BOND_L,nan,CURRENCY,inDomain,(Currency_3_Cd)
BOND_L,nan,ISSUER_ID,isNotNull,()
BOND_L,nan,ISSUER_ID,isGreaterThan,nan
BOND_L,nan,ISSUER_ID,isLessThan,nan
BOND_L,nan,ISSUER_ID,AmtIsLessThan,nan
BOND_L,nan,ISSUER_ID,inDomain,nan
BOND_L,nan,ISSUE_DATE,isNotNull,()
BOND_L,nan,ISSUE_DATE,isGreaterThan,nan
BOND_L,nan,ISSUE_DATE,isLessThan,(MATURITY_DATE)
BOND_L,nan,ISSUE_DATE,AmtIsLessThan,nan
BOND_L,nan,ISSUE_DATE,inDomain,nan
BOND_L,nan,MATURITY_DATE,isNotNull,()
BOND_L,nan,MATURITY_DATE,isGreaterThan,(START_DATE)
BOND_L,nan,MATURITY_DATE,isLessThan,nan
BOND_L,nan,MATURITY_DATE,AmtIsLessThan,nan
BOND_L,nan,MATURITY_DATE,inDomain,nan
BOND_L,nan,NOTIONAL,isNotNull,()
BOND_L,nan,NOTIONAL,isGreaterThan,(0)
BOND_L,nan,NOTIONAL,isLessThan,nan
BOND_L,nan,NOTIONAL,AmtIsLessThan,(1 000 000 000, 'CAD', CURRENCY)
BOND_L,nan,NOTIONAL,inDomain,nan
BOND_L,nan,BOND_TYPE,isNotNull,()
BOND_L,nan,BOND_TYPE,isGreaterThan,nan
BOND_L,nan,BOND_TYPE,isLessThan,nan
BOND_L,nan,BOND_TYPE,AmtIsLessThan,nan
BOND_L,nan,BOND_TYPE,inDomain,nan
CNV_BND_L,nan,CLOSE_PRICE,isNotNull,()
CNV_BND_L,nan,CLOSE_PRICE,isGreaterThan,(0)
CNV_BND_L,nan,CLOSE_PRICE,isLessThan,nan
CNV_BND_L,nan,CLOSE_PRICE,AmtIsLessThan,(1 000 000 000, 'CAD', CURRENCY)
CNV_BND_L,nan,CLOSE_PRICE,inDomain,nan
CNV_BND_L,nan,CURRENCY,isNotNull,()
CNV_BND_L,nan,CURRENCY,isGreaterThan,nan
CNV_BND_L,nan,CURRENCY,isLessThan,nan
CNV_BND_L,nan,CURRENCY,AmtIsLessThan,nan
CNV_BND_L,nan,CURRENCY,inDomain,(Currency_3_Cd)
CNV_BND_L,nan,ISSUER_ID,isNotNull,()
CNV_BND_L,nan,ISSUER_ID,isGreaterThan,nan
CNV_BND_L,nan,ISSUER_ID,isLessThan,nan
CNV_BND_L,nan,ISSUER_ID,AmtIsLessThan,nan
CNV_BND_L,nan,ISSUER_ID,inDomain,nan
CNV_BND_L,nan,ISSUE_DATE,isNotNull,()
CNV_BND_L,nan,ISSUE_DATE,isGreaterThan,nan
CNV_BND_L,nan,ISSUE_DATE,isLessThan,(MATURITY_DATE)
CNV_BND_L,nan,ISSUE_DATE,AmtIsLessThan,nan
CNV_BND_L,nan,ISSUE_DATE,inDomain,nan
CNV_BND_L,nan,MATURITY_DATE,isNotNull,()
CNV_BND_L,nan,MATURITY_DATE,isGreaterThan,(START_DATE)
CNV_BND_L,nan,MATURITY_DATE,isLessThan,nan
CNV_BND_L,nan,MATURITY_DATE,AmtIsLessThan,nan
CNV_BND_L,nan,MATURITY_DATE,inDomain,nan
CNV_BND_L,nan,NOTIONAL,isNotNull,()
CNV_BND_L,nan,NOTIONAL,isGreaterThan,(0.01)
CNV_BND_L,nan,NOTIONAL,isLessThan,(1 000 000 000)
CNV_BND_L,nan,NOTIONAL,AmtIsLessThan,nan
CNV_BND_L,nan,NOTIONAL,inDomain,nan
CNV_BND_L,nan,CTR_OBJECT_TYPE,isNotNull,()
CNV_BND_L,nan,CTR_OBJECT_TYPE,isGreaterThan,nan
CNV_BND_L,nan,CTR_OBJECT_TYPE,isLessThan,nan
CNV_BND_L,nan,CTR_OBJECT_TYPE,AmtIsLessThan,nan
CNV_BND_L,nan,CTR_OBJECT_TYPE,inDomain,nan
COLLATERAL_L,nan,CURRENCY,isNotNull,()
COLLATERAL_L,nan,CURRENCY,isGreaterThan,nan
COLLATERAL_L,nan,CURRENCY,isLessThan,nan
COLLATERAL_L,nan,CURRENCY,AmtIsLessThan,nan
COLLATERAL_L,nan,CURRENCY,inDomain,(Currency_3_Cd)
COLLATERAL_L,nan,NOTIONAL,isNotNull,()
COLLATERAL_L,nan,NOTIONAL,isGreaterThan,(0)
COLLATERAL_L,nan,NOTIONAL,isLessThan,nan
COLLATERAL_L,nan,NOTIONAL,AmtIsLessThan,(1 000 000 000, 'CAD', CURRENCY)
COLLATERAL_L,nan,NOTIONAL,inDomain,nan
COLLATERAL_L,nan,COLLATERAL_TYPE,isNotNull,()
COLLATERAL_L,nan,COLLATERAL_TYPE,isGreaterThan,nan
COLLATERAL_L,nan,COLLATERAL_TYPE,isLessThan,nan
COLLATERAL_L,nan,COLLATERAL_TYPE,AmtIsLessThan,nan
COLLATERAL_L,nan,COLLATERAL_TYPE,inDomain,nan
COLLATERAL_L,nan,COLLATERAL_ID,isNotNull,()
COLLATERAL_L,nan,COLLATERAL_ID,isGreaterThan,nan
COLLATERAL_L,nan,COLLATERAL_ID,isLessThan,nan
COLLATERAL_L,nan,COLLATERAL_ID,AmtIsLessThan,nan
COLLATERAL_L,nan,COLLATERAL_ID,inDomain,nan
EQUITY_L,nan,CLOSING_PRICE,isNotNull,()
EQUITY_L,nan,CLOSING_PRICE,isGreaterThan,(0)
EQUITY_L,nan,CLOSING_PRICE,isLessThan,nan
EQUITY_L,nan,CLOSING_PRICE,AmtIsLessThan,(1 000 000 000, 'CAD', CURRENCY)
EQUITY_L,nan,CLOSING_PRICE,inDomain,nan
EQUITY_L,nan,CURRENCY_ID,isNotNull,()
EQUITY_L,nan,CURRENCY_ID,isGreaterThan,nan
EQUITY_L,nan,CURRENCY_ID,isLessThan,nan
EQUITY_L,nan,CURRENCY_ID,AmtIsLessThan,nan
EQUITY_L,nan,CURRENCY_ID,inDomain,(Currency_3_Cd)
EQUITY_L,nan,SPOT_DATE,isNotNull,()
EQUITY_L,nan,SPOT_DATE,isGreaterThan,nan
EQUITY_L,nan,SPOT_DATE,isLessThan,nan
EQUITY_L,nan,SPOT_DATE,AmtIsLessThan,nan
EQUITY_L,nan,SPOT_DATE,inDomain,nan
FRN_L,nan,CLOSE_PRICE,isNotNull,()
FRN_L,nan,CLOSE_PRICE,isGreaterThan,(0)
FRN_L,nan,CLOSE_PRICE,isLessThan,nan
FRN_L,nan,CLOSE_PRICE,AmtIsLessThan,(1 000 000 000, 'CAD', CURRENCY)
FRN_L,nan,CLOSE_PRICE,inDomain,nan
FRN_L,nan,CURRENCY,isNotNull,()
FRN_L,nan,CURRENCY,isGreaterThan,nan
FRN_L,nan,CURRENCY,isLessThan,nan
FRN_L,nan,CURRENCY,AmtIsLessThan,nan
FRN_L,nan,CURRENCY,inDomain,(Currency_3_Cd)
FRN_L,nan,ISSUER_ID,isNotNull,()
FRN_L,nan,ISSUER_ID,isGreaterThan,nan
FRN_L,nan,ISSUER_ID,isLessThan,nan
FRN_L,nan,ISSUER_ID,AmtIsLessThan,nan
FRN_L,nan,ISSUER_ID,inDomain,nan
FRN_L,nan,ISSUE_DATE,isNotNull,()
FRN_L,nan,ISSUE_DATE,isGreaterThan,nan
FRN_L,nan,ISSUE_DATE,isLessThan,(MATURITY_DATE)
FRN_L,nan,ISSUE_DATE,AmtIsLessThan,nan
FRN_L,nan,ISSUE_DATE,inDomain,nan
FRN_L,nan,MATURITY_DATE,isNotNull,()
FRN_L,nan,MATURITY_DATE,isGreaterThan,(START_DATE)
FRN_L,nan,MATURITY_DATE,isLessThan,nan
FRN_L,nan,MATURITY_DATE,AmtIsLessThan,nan
FRN_L,nan,MATURITY_DATE,inDomain,nan
FRN_L,nan,CURRENT_NOTIONAL,isNotNull,()
FRN_L,nan,CURRENT_NOTIONAL,isGreaterThan,(0)
FRN_L,nan,CURRENT_NOTIONAL,isLessThan,nan
FRN_L,nan,CURRENT_NOTIONAL,AmtIsLessThan,(1 000 000 000, 'CAD', CURRENCY)
FRN_L,nan,CURRENT_NOTIONAL,inDomain,nan
FRN_L,nan,CTR_OBJECT_TYPE,isNotNull,()
FRN_L,nan,CTR_OBJECT_TYPE,isGreaterThan,nan
FRN_L,nan,CTR_OBJECT_TYPE,isLessThan,nan
FRN_L,nan,CTR_OBJECT_TYPE,AmtIsLessThan,nan
FRN_L,nan,CTR_OBJECT_TYPE,inDomain,nan
FRN_L,nan,SECURITY_ID,isNotNull,()
FRN_L,nan,SECURITY_ID,isGreaterThan,nan
FRN_L,nan,SECURITY_ID,isLessThan,nan
FRN_L,nan,SECURITY_ID,AmtIsLessThan,nan
FRN_L,nan,SECURITY_ID,inDomain,nan
FX_FORWARD_L,nan,MTM_GL_ACCT_CURRENCY_CD,isNotNull,()
FX_FORWARD_L,nan,MTM_GL_ACCT_CURRENCY_CD,isGreaterThan,nan
FX_FORWARD_L,nan,MTM_GL_ACCT_CURRENCY_CD,isLessThan,nan
FX_FORWARD_L,nan,MTM_GL_ACCT_CURRENCY_CD,AmtIsLessThan,nan
FX_FORWARD_L,nan,MTM_GL_ACCT_CURRENCY_CD,inDomain,(Currency_3_Cd)
FX_FORWARD_L,nan,NON_CARDS_COUNTERPARTY_ID,isNotNull,()
FX_FORWARD_L,nan,NON_CARDS_COUNTERPARTY_ID,isGreaterThan,nan
FX_FORWARD_L,nan,NON_CARDS_COUNTERPARTY_ID,isLessThan,nan
FX_FORWARD_L,nan,NON_CARDS_COUNTERPARTY_ID,AmtIsLessThan,nan
FX_FORWARD_L,nan,NON_CARDS_COUNTERPARTY_ID,inDomain,nan
FX_FORWARD_L,nan,ISSUE_DATE,isNotNull,()
FX_FORWARD_L,nan,ISSUE_DATE,isGreaterThan,nan
FX_FORWARD_L,nan,ISSUE_DATE,isLessThan,(MATURITY_DATE)
FX_FORWARD_L,nan,ISSUE_DATE,AmtIsLessThan,nan
FX_FORWARD_L,nan,ISSUE_DATE,inDomain,nan
FX_FORWARD_L,nan,MATURITY_DATE,isNotNull,()
FX_FORWARD_L,nan,MATURITY_DATE,isGreaterThan,(START_DATE)
FX_FORWARD_L,nan,MATURITY_DATE,isLessThan,nan
FX_FORWARD_L,nan,MATURITY_DATE,AmtIsLessThan,nan
FX_FORWARD_L,nan,MATURITY_DATE,inDomain,nan
FX_FORWARD_L,nan,INITIAL_PAY_NOTIONAL_AMT,isNotNull,()
FX_FORWARD_L,nan,INITIAL_PAY_NOTIONAL_AMT,isGreaterThan,(0)
FX_FORWARD_L,nan,INITIAL_PAY_NOTIONAL_AMT,isLessThan,nan
FX_FORWARD_L,nan,INITIAL_PAY_NOTIONAL_AMT,AmtIsLessThan,(1 000 000 000, 'CAD', CURRENCY)
FX_FORWARD_L,nan,INITIAL_PAY_NOTIONAL_AMT,inDomain,nan
FX_FORWARD_L,nan,PRODUCT_TYPE_CD,isNotNull,()
FX_FORWARD_L,nan,PRODUCT_TYPE_CD,isGreaterThan,nan
FX_FORWARD_L,nan,PRODUCT_TYPE_CD,isLessThan,nan
FX_FORWARD_L,nan,PRODUCT_TYPE_CD,AmtIsLessThan,nan
FX_FORWARD_L,nan,PRODUCT_TYPE_CD,inDomain,nan
FX_FORWARD_L,nan,PAY_CURRENCY_CD,isNotNull,()
FX_FORWARD_L,nan,PAY_CURRENCY_CD,isGreaterThan,nan
FX_FORWARD_L,nan,PAY_CURRENCY_CD,isLessThan,nan
FX_FORWARD_L,nan,PAY_CURRENCY_CD,AmtIsLessThan,nan
FX_FORWARD_L,nan,PAY_CURRENCY_CD,inDomain,nan
FX_FORWARD_L,nan,REC_CURRENCY_CD,isNotNull,()
FX_FORWARD_L,nan,REC_CURRENCY_CD,isGreaterThan,nan
FX_FORWARD_L,nan,REC_CURRENCY_CD,isLessThan,nan
FX_FORWARD_L,nan,REC_CURRENCY_CD,AmtIsLessThan,nan
FX_FORWARD_L,nan,REC_CURRENCY_CD,inDomain,nan
FX_RATE_L,nan,EXCHANGE_RATE,isNotNull,()
FX_RATE_L,nan,EXCHANGE_RATE,isGreaterThan,(0)
FX_RATE_L,nan,EXCHANGE_RATE,isLessThan,nan
FX_RATE_L,nan,EXCHANGE_RATE,AmtIsLessThan,(1 000 000 000, 'CAD', CURRENCY)
FX_RATE_L,nan,EXCHANGE_RATE,inDomain,nan
FX_RATE_L,nan,BASE_CURRENCY,isNotNull,()
FX_RATE_L,nan,BASE_CURRENCY,isGreaterThan,nan
FX_RATE_L,nan,BASE_CURRENCY,isLessThan,nan
FX_RATE_L,nan,BASE_CURRENCY,AmtIsLessThan,nan
FX_RATE_L,nan,BASE_CURRENCY,inDomain,nan
FX_RATE_L,nan,QUOTE_CURRENCY,isNotNull,()
FX_RATE_L,nan,QUOTE_CURRENCY,isGreaterThan,nan
FX_RATE_L,nan,QUOTE_CURRENCY,isLessThan,nan
FX_RATE_L,nan,QUOTE_CURRENCY,AmtIsLessThan,nan
FX_RATE_L,nan,QUOTE_CURRENCY,inDomain,nan
LANCELOT_COLLATERAL_EXP,nan,COLLATERAL_CURRENCY,isNotNull,()
LANCELOT_COLLATERAL_EXP,nan,COLLATERAL_CURRENCY,isGreaterThan,nan
LANCELOT_COLLATERAL_EXP,nan,COLLATERAL_CURRENCY,isLessThan,nan
LANCELOT_COLLATERAL_EXP,nan,COLLATERAL_CURRENCY,AmtIsLessThan,nan
LANCELOT_COLLATERAL_EXP,nan,COLLATERAL_CURRENCY,inDomain,(Currency_3_Cd)
LANCELOT_COLLATERAL_EXP,nan,ENTITY_ID,isNotNull,()
LANCELOT_COLLATERAL_EXP,nan,ENTITY_ID,isGreaterThan,nan
LANCELOT_COLLATERAL_EXP,nan,ENTITY_ID,isLessThan,nan
LANCELOT_COLLATERAL_EXP,nan,ENTITY_ID,AmtIsLessThan,nan
LANCELOT_COLLATERAL_EXP,nan,ENTITY_ID,inDomain,nan
LANCELOT_COLLATERAL_EXP,nan,COLLATERAL_VALUE,isNotNull,()
LANCELOT_COLLATERAL_EXP,nan,COLLATERAL_VALUE,isGreaterThan,(0)
LANCELOT_COLLATERAL_EXP,nan,COLLATERAL_VALUE,isLessThan,nan
LANCELOT_COLLATERAL_EXP,nan,COLLATERAL_VALUE,AmtIsLessThan,(1 000 000 000, 'CAD', CURRENCY)
LANCELOT_COLLATERAL_EXP,nan,COLLATERAL_VALUE,inDomain,nan
LANCELOT_COLLATERAL_EXP,nan,COLLATERAL_SECURITY_TYPE,isNotNull,()
LANCELOT_COLLATERAL_EXP,nan,COLLATERAL_SECURITY_TYPE,isGreaterThan,nan
LANCELOT_COLLATERAL_EXP,nan,COLLATERAL_SECURITY_TYPE,isLessThan,nan
LANCELOT_COLLATERAL_EXP,nan,COLLATERAL_SECURITY_TYPE,AmtIsLessThan,nan
LANCELOT_COLLATERAL_EXP,nan,COLLATERAL_SECURITY_TYPE,inDomain,nan
LANCELOT_CURRENCY_DATA_EXP,nan,FX_RATE,isNotNull,()
LANCELOT_CURRENCY_DATA_EXP,nan,FX_RATE,isGreaterThan,(0)
LANCELOT_CURRENCY_DATA_EXP,nan,FX_RATE,isLessThan,nan
LANCELOT_CURRENCY_DATA_EXP,nan,FX_RATE,AmtIsLessThan,(1 000 000 000, 'CAD', CURRENCY)
LANCELOT_CURRENCY_DATA_EXP,nan,FX_RATE,inDomain,nan
LANCELOT_CURRENCY_DATA_EXP,nan,BASE_CURRENCY,isNotNull,()
LANCELOT_CURRENCY_DATA_EXP,nan,BASE_CURRENCY,isGreaterThan,nan
LANCELOT_CURRENCY_DATA_EXP,nan,BASE_CURRENCY,isLessThan,nan
LANCELOT_CURRENCY_DATA_EXP,nan,BASE_CURRENCY,AmtIsLessThan,nan
LANCELOT_CURRENCY_DATA_EXP,nan,BASE_CURRENCY,inDomain,nan
LANCELOT_CURRENCY_DATA_EXP,nan,CURRENCY_CODE,isNotNull,()
LANCELOT_CURRENCY_DATA_EXP,nan,CURRENCY_CODE,isGreaterThan,nan
LANCELOT_CURRENCY_DATA_EXP,nan,CURRENCY_CODE,isLessThan,nan
LANCELOT_CURRENCY_DATA_EXP,nan,CURRENCY_CODE,AmtIsLessThan,nan
LANCELOT_CURRENCY_DATA_EXP,nan,CURRENCY_CODE,inDomain,nan
LANCELOT_TRADE_EXP,where CTR_product_Type = 'SBL Exposure',BUY_SELL,isNotNull,()
LANCELOT_TRADE_EXP,where CTR_product_Type = 'SBL Exposure',BUY_SELL,isGreaterThan,nan
LANCELOT_TRADE_EXP,where CTR_product_Type = 'SBL Exposure',BUY_SELL,isLessThan,nan
LANCELOT_TRADE_EXP,where CTR_product_Type = 'SBL Exposure',BUY_SELL,AmtIsLessThan,nan
LANCELOT_TRADE_EXP,where CTR_product_Type = 'SBL Exposure',BUY_SELL,inDomain,nan
LANCELOT_TRADE_EXP,where CTR_product_Type = 'SBL Exposure',EGL_NOTIONAL_CURRENCY,isNotNull,()
LANCELOT_TRADE_EXP,where CTR_product_Type = 'SBL Exposure',EGL_NOTIONAL_CURRENCY,isGreaterThan,nan
LANCELOT_TRADE_EXP,where CTR_product_Type = 'SBL Exposure',EGL_NOTIONAL_CURRENCY,isLessThan,nan
LANCELOT_TRADE_EXP,where CTR_product_Type = 'SBL Exposure',EGL_NOTIONAL_CURRENCY,AmtIsLessThan,nan
LANCELOT_TRADE_EXP,where CTR_product_Type = 'SBL Exposure',EGL_NOTIONAL_CURRENCY,inDomain,(Currency_3_Cd)
LANCELOT_TRADE_EXP,where CTR_product_Type = 'SBL Exposure',ENTITY_ID,isNotNull,()
LANCELOT_TRADE_EXP,where CTR_product_Type = 'SBL Exposure',ENTITY_ID,isGreaterThan,nan
LANCELOT_TRADE_EXP,where CTR_product_Type = 'SBL Exposure',ENTITY_ID,isLessThan,nan
LANCELOT_TRADE_EXP,where CTR_product_Type = 'SBL Exposure',ENTITY_ID,AmtIsLessThan,nan
LANCELOT_TRADE_EXP,where CTR_product_Type = 'SBL Exposure',ENTITY_ID,inDomain,nan
LANCELOT_TRADE_EXP,where CTR_product_Type = 'SBL Exposure',START_DATE,isNotNull,()
LANCELOT_TRADE_EXP,where CTR_product_Type = 'SBL Exposure',START_DATE,isGreaterThan,nan
LANCELOT_TRADE_EXP,where CTR_product_Type = 'SBL Exposure',START_DATE,isLessThan,(MATURITY_DATE)
LANCELOT_TRADE_EXP,where CTR_product_Type = 'SBL Exposure',START_DATE,AmtIsLessThan,nan
LANCELOT_TRADE_EXP,where CTR_product_Type = 'SBL Exposure',START_DATE,inDomain,nan
LANCELOT_TRADE_EXP,where CTR_product_Type = 'SBL Exposure',COUNTERPARTY_NAME_LONG,isNotNull,()
LANCELOT_TRADE_EXP,where CTR_product_Type = 'SBL Exposure',COUNTERPARTY_NAME_LONG,isGreaterThan,nan
LANCELOT_TRADE_EXP,where CTR_product_Type = 'SBL Exposure',COUNTERPARTY_NAME_LONG,isLessThan,nan
LANCELOT_TRADE_EXP,where CTR_product_Type = 'SBL Exposure',COUNTERPARTY_NAME_LONG,AmtIsLessThan,nan
LANCELOT_TRADE_EXP,where CTR_product_Type = 'SBL Exposure',COUNTERPARTY_NAME_LONG,inDomain,nan
LANCELOT_TRADE_EXP,where CTR_product_Type = 'SBL Exposure',MATURITY_DATE,isNotNull,()
LANCELOT_TRADE_EXP,where CTR_product_Type = 'SBL Exposure',MATURITY_DATE,isGreaterThan,(START_DATE)
LANCELOT_TRADE_EXP,where CTR_product_Type = 'SBL Exposure',MATURITY_DATE,isLessThan,nan
LANCELOT_TRADE_EXP,where CTR_product_Type = 'SBL Exposure',MATURITY_DATE,AmtIsLessThan,nan
LANCELOT_TRADE_EXP,where CTR_product_Type = 'SBL Exposure',MATURITY_DATE,inDomain,nan
LANCELOT_TRADE_EXP,where CTR_product_Type = 'SBL Exposure',EGL_NOTIONAL_AMOUNT,isNotNull,()
LANCELOT_TRADE_EXP,where CTR_product_Type = 'SBL Exposure',EGL_NOTIONAL_AMOUNT,isGreaterThan,(0)
LANCELOT_TRADE_EXP,where CTR_product_Type = 'SBL Exposure',EGL_NOTIONAL_AMOUNT,isLessThan,nan
LANCELOT_TRADE_EXP,where CTR_product_Type = 'SBL Exposure',EGL_NOTIONAL_AMOUNT,AmtIsLessThan,(1 000 000 000, 'CAD', CURRENCY)
LANCELOT_TRADE_EXP,where CTR_product_Type = 'SBL Exposure',EGL_NOTIONAL_AMOUNT,inDomain,nan
LANCELOT_TRADE_EXP,where CTR_product_Type = 'SBL Exposure',UNDERLYING_UNITS,isNotNull,()
LANCELOT_TRADE_EXP,where CTR_product_Type = 'SBL Exposure',UNDERLYING_UNITS,isGreaterThan,(0.01)
LANCELOT_TRADE_EXP,where CTR_product_Type = 'SBL Exposure',UNDERLYING_UNITS,isLessThan,(1 000 000 000)
LANCELOT_TRADE_EXP,where CTR_product_Type = 'SBL Exposure',UNDERLYING_UNITS,AmtIsLessThan,nan
LANCELOT_TRADE_EXP,where CTR_product_Type = 'SBL Exposure',UNDERLYING_UNITS,inDomain,nan
LANCELOT_TRADE_EXP,where CTR_product_Type = 'SBL Exposure',CTR_PRODUCT_TYPE,isNotNull,()
LANCELOT_TRADE_EXP,where CTR_product_Type = 'SBL Exposure',CTR_PRODUCT_TYPE,isGreaterThan,nan
LANCELOT_TRADE_EXP,where CTR_product_Type = 'SBL Exposure',CTR_PRODUCT_TYPE,isLessThan,nan
LANCELOT_TRADE_EXP,where CTR_product_Type = 'SBL Exposure',CTR_PRODUCT_TYPE,AmtIsLessThan,nan
LANCELOT_TRADE_EXP,where CTR_product_Type = 'SBL Exposure',CTR_PRODUCT_TYPE,inDomain,nan
LANCELOT_TRADE_EXP,where CTR_product_Type = 'SBL Exposure',RO_PRODUCT_TYPE,isNotNull,()
LANCELOT_TRADE_EXP,where CTR_product_Type = 'SBL Exposure',RO_PRODUCT_TYPE,isGreaterThan,nan
LANCELOT_TRADE_EXP,where CTR_product_Type = 'SBL Exposure',RO_PRODUCT_TYPE,isLessThan,nan
LANCELOT_TRADE_EXP,where CTR_product_Type = 'SBL Exposure',RO_PRODUCT_TYPE,AmtIsLessThan,nan
LANCELOT_TRADE_EXP,where CTR_product_Type = 'SBL Exposure',RO_PRODUCT_TYPE,inDomain,nan
LANCELOT_TRADE_EXP,where CTR_product_Type = 'SBL Exposure',UNDERLYING_ID,isNotNull,()
LANCELOT_TRADE_EXP,where CTR_product_Type = 'SBL Exposure',UNDERLYING_ID,isGreaterThan,nan
LANCELOT_TRADE_EXP,where CTR_product_Type = 'SBL Exposure',UNDERLYING_ID,isLessThan,nan
LANCELOT_TRADE_EXP,where CTR_product_Type = 'SBL Exposure',UNDERLYING_ID,AmtIsLessThan,nan
LANCELOT_TRADE_EXP,where CTR_product_Type = 'SBL Exposure',UNDERLYING_ID,inDomain,nan
LANCELOT_TRADE_EXP,where CTR_product_Type = 'SBL Exposure',TRADE_ID,isNotNull,()
LANCELOT_TRADE_EXP,where CTR_product_Type = 'SBL Exposure',TRADE_ID,isGreaterThan,nan
LANCELOT_TRADE_EXP,where CTR_product_Type = 'SBL Exposure',TRADE_ID,isLessThan,nan
LANCELOT_TRADE_EXP,where CTR_product_Type = 'SBL Exposure',TRADE_ID,AmtIsLessThan,nan
LANCELOT_TRADE_EXP,where CTR_product_Type = 'SBL Exposure',TRADE_ID,inDomain,nan
LANCELOT_UNDERLYING_EXP,where CTR_INSTRUMENT_TYPE = 'Fixed Rate Bond',SPOT_PRICE,isNotNull,()
LANCELOT_UNDERLYING_EXP,where CTR_INSTRUMENT_TYPE = 'Fixed Rate Bond',SPOT_PRICE,isGreaterThan,(0)
LANCELOT_UNDERLYING_EXP,where CTR_INSTRUMENT_TYPE = 'Fixed Rate Bond',SPOT_PRICE,isLessThan,nan
LANCELOT_UNDERLYING_EXP,where CTR_INSTRUMENT_TYPE = 'Fixed Rate Bond',SPOT_PRICE,AmtIsLessThan,(1 000 000 000, 'CAD', CURRENCY)
LANCELOT_UNDERLYING_EXP,where CTR_INSTRUMENT_TYPE = 'Fixed Rate Bond',SPOT_PRICE,inDomain,nan
LANCELOT_UNDERLYING_EXP,where CTR_INSTRUMENT_TYPE = 'Fixed Rate Bond',CURRENCY,isNotNull,()
LANCELOT_UNDERLYING_EXP,where CTR_INSTRUMENT_TYPE = 'Fixed Rate Bond',CURRENCY,isGreaterThan,nan
LANCELOT_UNDERLYING_EXP,where CTR_INSTRUMENT_TYPE = 'Fixed Rate Bond',CURRENCY,isLessThan,nan
LANCELOT_UNDERLYING_EXP,where CTR_INSTRUMENT_TYPE = 'Fixed Rate Bond',CURRENCY,AmtIsLessThan,nan
LANCELOT_UNDERLYING_EXP,where CTR_INSTRUMENT_TYPE = 'Fixed Rate Bond',CURRENCY,inDomain,(Currency_3_Cd)
LANCELOT_UNDERLYING_EXP,where CTR_INSTRUMENT_TYPE = 'Fixed Rate Bond',ISSUER_ID,isNotNull,()
LANCELOT_UNDERLYING_EXP,where CTR_INSTRUMENT_TYPE = 'Fixed Rate Bond',ISSUER_ID,isGreaterThan,nan
LANCELOT_UNDERLYING_EXP,where CTR_INSTRUMENT_TYPE = 'Fixed Rate Bond',ISSUER_ID,isLessThan,nan
LANCELOT_UNDERLYING_EXP,where CTR_INSTRUMENT_TYPE = 'Fixed Rate Bond',ISSUER_ID,AmtIsLessThan,nan
LANCELOT_UNDERLYING_EXP,where CTR_INSTRUMENT_TYPE = 'Fixed Rate Bond',ISSUER_ID,inDomain,nan
LANCELOT_UNDERLYING_EXP,where CTR_INSTRUMENT_TYPE = 'Fixed Rate Bond',ISSUER_NAME,isNotNull,()
LANCELOT_UNDERLYING_EXP,where CTR_INSTRUMENT_TYPE = 'Fixed Rate Bond',ISSUER_NAME,isGreaterThan,nan
LANCELOT_UNDERLYING_EXP,where CTR_INSTRUMENT_TYPE = 'Fixed Rate Bond',ISSUER_NAME,isLessThan,nan
LANCELOT_UNDERLYING_EXP,where CTR_INSTRUMENT_TYPE = 'Fixed Rate Bond',ISSUER_NAME,AmtIsLessThan,nan
LANCELOT_UNDERLYING_EXP,where CTR_INSTRUMENT_TYPE = 'Fixed Rate Bond',ISSUER_NAME,inDomain,nan
LANCELOT_UNDERLYING_EXP,where CTR_INSTRUMENT_TYPE = 'Fixed Rate Bond',MATURITY_DATE,isNotNull,()
LANCELOT_UNDERLYING_EXP,where CTR_INSTRUMENT_TYPE = 'Fixed Rate Bond',MATURITY_DATE,isGreaterThan,(VALUATION_DATE)
LANCELOT_UNDERLYING_EXP,where CTR_INSTRUMENT_TYPE = 'Fixed Rate Bond',MATURITY_DATE,isLessThan,nan
LANCELOT_UNDERLYING_EXP,where CTR_INSTRUMENT_TYPE = 'Fixed Rate Bond',MATURITY_DATE,AmtIsLessThan,nan
LANCELOT_UNDERLYING_EXP,where CTR_INSTRUMENT_TYPE = 'Fixed Rate Bond',MATURITY_DATE,inDomain,nan
LANCELOT_UNDERLYING_EXP,where CTR_INSTRUMENT_TYPE = 'Fixed Rate Bond',UNIT_NOTIONAL,isNotNull,()
LANCELOT_UNDERLYING_EXP,where CTR_INSTRUMENT_TYPE = 'Fixed Rate Bond',UNIT_NOTIONAL,isGreaterThan,(0)
LANCELOT_UNDERLYING_EXP,where CTR_INSTRUMENT_TYPE = 'Fixed Rate Bond',UNIT_NOTIONAL,isLessThan,nan
LANCELOT_UNDERLYING_EXP,where CTR_INSTRUMENT_TYPE = 'Fixed Rate Bond',UNIT_NOTIONAL,AmtIsLessThan,(1 000 000 000, 'CAD', CURRENCY)
LANCELOT_UNDERLYING_EXP,where CTR_INSTRUMENT_TYPE = 'Fixed Rate Bond',UNIT_NOTIONAL,inDomain,nan
LANCELOT_UNDERLYING_EXP,where CTR_INSTRUMENT_TYPE = 'Fixed Rate Bond',CTR_INSTRUMENT_TYPE,isNotNull,()
LANCELOT_UNDERLYING_EXP,where CTR_INSTRUMENT_TYPE = 'Fixed Rate Bond',CTR_INSTRUMENT_TYPE,isGreaterThan,nan
LANCELOT_UNDERLYING_EXP,where CTR_INSTRUMENT_TYPE = 'Fixed Rate Bond',CTR_INSTRUMENT_TYPE,isLessThan,nan
LANCELOT_UNDERLYING_EXP,where CTR_INSTRUMENT_TYPE = 'Fixed Rate Bond',CTR_INSTRUMENT_TYPE,AmtIsLessThan,nan
LANCELOT_UNDERLYING_EXP,where CTR_INSTRUMENT_TYPE = 'Fixed Rate Bond',CTR_INSTRUMENT_TYPE,inDomain,nan
LANCELOT_UNDERLYING_EXP,where CTR_INSTRUMENT_TYPE = 'Fixed Rate Bond',VALUATION_DATE,isNotNull,()
LANCELOT_UNDERLYING_EXP,where CTR_INSTRUMENT_TYPE = 'Fixed Rate Bond',VALUATION_DATE,isGreaterThan,nan
LANCELOT_UNDERLYING_EXP,where CTR_INSTRUMENT_TYPE = 'Fixed Rate Bond',VALUATION_DATE,isLessThan,(MATURITY_DATE)
LANCELOT_UNDERLYING_EXP,where CTR_INSTRUMENT_TYPE = 'Fixed Rate Bond',VALUATION_DATE,AmtIsLessThan,nan
LANCELOT_UNDERLYING_EXP,where CTR_INSTRUMENT_TYPE = 'Fixed Rate Bond',VALUATION_DATE,inDomain,nan
REPO_L,nan,BUY_SELL_IND,isNotNull,()
REPO_L,nan,BUY_SELL_IND,isGreaterThan,nan
REPO_L,nan,BUY_SELL_IND,isLessThan,nan
REPO_L,nan,BUY_SELL_IND,AmtIsLessThan,nan
REPO_L,nan,BUY_SELL_IND,inDomain,nan
REPO_L,nan,TRADE_CURRENCY_CD,isNotNull,()
REPO_L,nan,TRADE_CURRENCY_CD,isGreaterThan,nan
REPO_L,nan,TRADE_CURRENCY_CD,isLessThan,nan
REPO_L,nan,TRADE_CURRENCY_CD,AmtIsLessThan,nan
REPO_L,nan,TRADE_CURRENCY_CD,inDomain,(Currency_3_Cd)
REPO_L,nan,NON_CARDS_COUNTERPARTY_ID,isNotNull,()
REPO_L,nan,NON_CARDS_COUNTERPARTY_ID,isGreaterThan,nan
REPO_L,nan,NON_CARDS_COUNTERPARTY_ID,isLessThan,nan
REPO_L,nan,NON_CARDS_COUNTERPARTY_ID,AmtIsLessThan,nan
REPO_L,nan,NON_CARDS_COUNTERPARTY_ID,inDomain,nan
REPO_L,where OPEN_REPO_FLG = 'FALSE',START_DATE,isNotNull,()
REPO_L,where OPEN_REPO_FLG = 'FALSE',START_DATE,isGreaterThan,nan
REPO_L,where OPEN_REPO_FLG = 'FALSE',START_DATE,isLessThan,(MATURITY_DATE)
REPO_L,where OPEN_REPO_FLG = 'FALSE',START_DATE,AmtIsLessThan,nan
REPO_L,where OPEN_REPO_FLG = 'FALSE',START_DATE,inDomain,nan
REPO_L,nan,START_DATE,isNotNull,()
REPO_L,nan,START_DATE,isGreaterThan,nan
REPO_L,nan,START_DATE,isLessThan,nan
REPO_L,nan,START_DATE,AmtIsLessThan,nan
REPO_L,nan,START_DATE,inDomain,nan
REPO_L,where OPEN_REPO_FLG = 'FALSE',MATURITY_DATE,isNotNull,()
REPO_L,where OPEN_REPO_FLG = 'FALSE',MATURITY_DATE,isGreaterThan,(START_DATE)
REPO_L,where OPEN_REPO_FLG = 'FALSE',MATURITY_DATE,isLessThan,nan
REPO_L,where OPEN_REPO_FLG = 'FALSE',MATURITY_DATE,AmtIsLessThan,nan
REPO_L,where OPEN_REPO_FLG = 'FALSE',MATURITY_DATE,inDomain,nan
REPO_L,nan,ORIGINAL_CASH_AMT,isNotNull,()
REPO_L,nan,ORIGINAL_CASH_AMT,isGreaterThan,(0)
REPO_L,nan,ORIGINAL_CASH_AMT,isLessThan,nan
REPO_L,nan,ORIGINAL_CASH_AMT,AmtIsLessThan,(1 000 000 000, 'CAD', CURRENCY)
REPO_L,nan,ORIGINAL_CASH_AMT,inDomain,nan
REPO_L,nan,OPEN_REPO_FLG,isNotNull,()
REPO_L,nan,OPEN_REPO_FLG,isGreaterThan,nan
REPO_L,nan,OPEN_REPO_FLG,isLessThan,nan
REPO_L,nan,OPEN_REPO_FLG,AmtIsLessThan,nan
REPO_L,nan,OPEN_REPO_FLG,inDomain,nan
REPO_L,nan,PRODUCT_TYPE_CD,isNotNull,()
REPO_L,nan,PRODUCT_TYPE_CD,isGreaterThan,nan
REPO_L,nan,PRODUCT_TYPE_CD,isLessThan,nan
REPO_L,nan,PRODUCT_TYPE_CD,AmtIsLessThan,nan
REPO_L,nan,PRODUCT_TYPE_CD,inDomain,nan
REPO_L,nan,SECURITY_ID,isNotNull,()
REPO_L,nan,SECURITY_ID,isGreaterThan,nan
REPO_L,nan,SECURITY_ID,isLessThan,nan
REPO_L,nan,SECURITY_ID,AmtIsLessThan,nan
REPO_L,nan,SECURITY_ID,inDomain,nan
REPO_L,nan,TRADE_ID,isNotNull,()
REPO_L,nan,TRADE_ID,isGreaterThan,nan
REPO_L,nan,TRADE_ID,isLessThan,nan
REPO_L,nan,TRADE_ID,AmtIsLessThan,nan
REPO_L,nan,TRADE_ID,inDomain,nan
RISKWATCH_BOND_EXP,nan,CLOSE_PRICE,isNotNull,()
RISKWATCH_BOND_EXP,nan,CLOSE_PRICE,isGreaterThan,(0)
RISKWATCH_BOND_EXP,nan,CLOSE_PRICE,isLessThan,nan
RISKWATCH_BOND_EXP,nan,CLOSE_PRICE,AmtIsLessThan,(1 000 000 000, 'CAD', CURRENCY)
RISKWATCH_BOND_EXP,nan,CLOSE_PRICE,inDomain,nan
RISKWATCH_BOND_EXP,nan,CURRENCY,isNotNull,()
RISKWATCH_BOND_EXP,nan,CURRENCY,isGreaterThan,nan
RISKWATCH_BOND_EXP,nan,CURRENCY,isLessThan,nan
RISKWATCH_BOND_EXP,nan,CURRENCY,AmtIsLessThan,nan
RISKWATCH_BOND_EXP,nan,CURRENCY,inDomain,(Currency_3_Cd)
RISKWATCH_BOND_EXP,nan,ISSUER,isNotNull,()
RISKWATCH_BOND_EXP,nan,ISSUER,isGreaterThan,nan
RISKWATCH_BOND_EXP,nan,ISSUER,isLessThan,nan
RISKWATCH_BOND_EXP,nan,ISSUER,AmtIsLessThan,nan
RISKWATCH_BOND_EXP,nan,ISSUER,inDomain,nan
RISKWATCH_BOND_EXP,nan,ISSUE_DATE,isNotNull,()
RISKWATCH_BOND_EXP,nan,ISSUE_DATE,isGreaterThan,nan
RISKWATCH_BOND_EXP,nan,ISSUE_DATE,isLessThan,(MATURITY_DATE)
RISKWATCH_BOND_EXP,nan,ISSUE_DATE,AmtIsLessThan,nan
RISKWATCH_BOND_EXP,nan,ISSUE_DATE,inDomain,nan
RISKWATCH_BOND_EXP,nan,ISSUER,isNotNull,()
RISKWATCH_BOND_EXP,nan,ISSUER,isGreaterThan,nan
RISKWATCH_BOND_EXP,nan,ISSUER,isLessThan,nan
RISKWATCH_BOND_EXP,nan,ISSUER,AmtIsLessThan,nan
RISKWATCH_BOND_EXP,nan,ISSUER,inDomain,nan
RISKWATCH_BOND_EXP,nan,MATURITY_DATE,isNotNull,()
RISKWATCH_BOND_EXP,nan,MATURITY_DATE,isGreaterThan,(START_DATE), (VALUATION_DATE)
RISKWATCH_BOND_EXP,nan,MATURITY_DATE,isLessThan,nan
RISKWATCH_BOND_EXP,nan,MATURITY_DATE,AmtIsLessThan,nan
RISKWATCH_BOND_EXP,nan,MATURITY_DATE,inDomain,nan
RISKWATCH_BOND_EXP,nan,CTR_OBJECT_TYPE,isNotNull,()
RISKWATCH_BOND_EXP,nan,CTR_OBJECT_TYPE,isGreaterThan,nan
RISKWATCH_BOND_EXP,nan,CTR_OBJECT_TYPE,isLessThan,nan
RISKWATCH_BOND_EXP,nan,CTR_OBJECT_TYPE,AmtIsLessThan,nan
RISKWATCH_BOND_EXP,nan,CTR_OBJECT_TYPE,inDomain,nan
RISKWATCH_BOND_EXP,nan,PROCESSING_DATE,isNotNull,()
RISKWATCH_BOND_EXP,nan,PROCESSING_DATE,isGreaterThan,nan
RISKWATCH_BOND_EXP,nan,PROCESSING_DATE,isLessThan,(MATURITY_DATE)
RISKWATCH_BOND_EXP,nan,PROCESSING_DATE,AmtIsLessThan,nan
RISKWATCH_BOND_EXP,nan,PROCESSING_DATE,inDomain,nan
RISKWATCH_SBL_EXPOSURE_EXP,nan,BUY,isNotNull,()
RISKWATCH_SBL_EXPOSURE_EXP,nan,BUY,isGreaterThan,nan
RISKWATCH_SBL_EXPOSURE_EXP,nan,BUY,isLessThan,nan
RISKWATCH_SBL_EXPOSURE_EXP,nan,BUY,AmtIsLessThan,nan
RISKWATCH_SBL_EXPOSURE_EXP,nan,BUY,inDomain,nan
RISKWATCH_SBL_EXPOSURE_EXP,nan,CURRENCY,isNotNull,()
RISKWATCH_SBL_EXPOSURE_EXP,nan,CURRENCY,isGreaterThan,nan
RISKWATCH_SBL_EXPOSURE_EXP,nan,CURRENCY,isLessThan,nan
RISKWATCH_SBL_EXPOSURE_EXP,nan,CURRENCY,AmtIsLessThan,nan
RISKWATCH_SBL_EXPOSURE_EXP,nan,CURRENCY,inDomain,(Currency_3_Cd)
RISKWATCH_SBL_EXPOSURE_EXP,nan,CARDS_ID,isNotNull,()
RISKWATCH_SBL_EXPOSURE_EXP,nan,CARDS_ID,isGreaterThan,nan
RISKWATCH_SBL_EXPOSURE_EXP,nan,CARDS_ID,isLessThan,nan
RISKWATCH_SBL_EXPOSURE_EXP,nan,CARDS_ID,AmtIsLessThan,nan
RISKWATCH_SBL_EXPOSURE_EXP,nan,CARDS_ID,inDomain,nan
RISKWATCH_SBL_EXPOSURE_EXP,nan,ISSUE_DATE,isNotNull,()
RISKWATCH_SBL_EXPOSURE_EXP,nan,ISSUE_DATE,isGreaterThan,nan
RISKWATCH_SBL_EXPOSURE_EXP,nan,ISSUE_DATE,isLessThan,(MATURITY_DATE)
RISKWATCH_SBL_EXPOSURE_EXP,nan,ISSUE_DATE,AmtIsLessThan,nan
RISKWATCH_SBL_EXPOSURE_EXP,nan,ISSUE_DATE,inDomain,nan
RISKWATCH_SBL_EXPOSURE_EXP,nan,MATURITY_DATE,isNotNull,()
RISKWATCH_SBL_EXPOSURE_EXP,nan,MATURITY_DATE,isGreaterThan,(START_DATE)
RISKWATCH_SBL_EXPOSURE_EXP,nan,MATURITY_DATE,isLessThan,nan
RISKWATCH_SBL_EXPOSURE_EXP,nan,MATURITY_DATE,AmtIsLessThan,nan
RISKWATCH_SBL_EXPOSURE_EXP,nan,MATURITY_DATE,inDomain,nan
RISKWATCH_SBL_EXPOSURE_EXP,nan,GL_NOTIONAL,isNotNull,()
RISKWATCH_SBL_EXPOSURE_EXP,nan,GL_NOTIONAL,isGreaterThan,(0)
RISKWATCH_SBL_EXPOSURE_EXP,nan,GL_NOTIONAL,isLessThan,nan
RISKWATCH_SBL_EXPOSURE_EXP,nan,GL_NOTIONAL,AmtIsLessThan,(1 000 000 000, 'CAD', CURRENCY)
RISKWATCH_SBL_EXPOSURE_EXP,nan,GL_NOTIONAL,inDomain,nan
RISKWATCH_SBL_EXPOSURE_EXP,nan,UNITS,isNotNull,()
RISKWATCH_SBL_EXPOSURE_EXP,nan,UNITS,isGreaterThan,(0.01)
RISKWATCH_SBL_EXPOSURE_EXP,nan,UNITS,isLessThan,(1 000 000 000)
RISKWATCH_SBL_EXPOSURE_EXP,nan,UNITS,AmtIsLessThan,nan
RISKWATCH_SBL_EXPOSURE_EXP,nan,UNITS,inDomain,nan
RISKWATCH_SBL_EXPOSURE_EXP,nan,UNDERLYING_INSTRUMENT,isNotNull,()
RISKWATCH_SBL_EXPOSURE_EXP,nan,UNDERLYING_INSTRUMENT,isGreaterThan,nan
RISKWATCH_SBL_EXPOSURE_EXP,nan,UNDERLYING_INSTRUMENT,isLessThan,nan
RISKWATCH_SBL_EXPOSURE_EXP,nan,UNDERLYING_INSTRUMENT,AmtIsLessThan,nan
RISKWATCH_SBL_EXPOSURE_EXP,nan,UNDERLYING_INSTRUMENT,inDomain,nan
RISKWATCH_SBL_EXPOSURE_EXP,nan,ID,isNotNull,()
RISKWATCH_SBL_EXPOSURE_EXP,nan,ID,isGreaterThan,nan
RISKWATCH_SBL_EXPOSURE_EXP,nan,ID,isLessThan,nan
RISKWATCH_SBL_EXPOSURE_EXP,nan,ID,AmtIsLessThan,nan
RISKWATCH_SBL_EXPOSURE_EXP,nan,ID,inDomain,nan
SBL_COLLATERAL_L,nan,BUY_SELL,isNotNull,()
SBL_COLLATERAL_L,nan,BUY_SELL,isGreaterThan,nan
SBL_COLLATERAL_L,nan,BUY_SELL,isLessThan,nan
SBL_COLLATERAL_L,nan,BUY_SELL,AmtIsLessThan,nan
SBL_COLLATERAL_L,nan,BUY_SELL,inDomain,nan
SBL_COLLATERAL_L,nan,CURRENCY,isNotNull,()
SBL_COLLATERAL_L,nan,CURRENCY,isGreaterThan,nan
SBL_COLLATERAL_L,nan,CURRENCY,isLessThan,nan
SBL_COLLATERAL_L,nan,CURRENCY,AmtIsLessThan,nan
SBL_COLLATERAL_L,nan,CURRENCY,inDomain,(Currency_3_Cd)
SBL_COLLATERAL_L,nan,QUANTITY,isNotNull,()
SBL_COLLATERAL_L,nan,QUANTITY,isGreaterThan,(0)
SBL_COLLATERAL_L,nan,QUANTITY,isLessThan,nan
SBL_COLLATERAL_L,nan,QUANTITY,AmtIsLessThan,(1 000 000 000, 'CAD', CURRENCY)
SBL_COLLATERAL_L,nan,QUANTITY,inDomain,nan
SBL_COLLATERAL_L,nan,COLLATERAL_TYPE,isNotNull,()
SBL_COLLATERAL_L,nan,COLLATERAL_TYPE,isGreaterThan,nan
SBL_COLLATERAL_L,nan,COLLATERAL_TYPE,isLessThan,nan
SBL_COLLATERAL_L,nan,COLLATERAL_TYPE,AmtIsLessThan,nan
SBL_COLLATERAL_L,nan,COLLATERAL_TYPE,inDomain,nan
SBL_COLLATERAL_L,nan,COLLATERAL_ID,isNotNull,()
SBL_COLLATERAL_L,nan,COLLATERAL_ID,isGreaterThan,nan
SBL_COLLATERAL_L,nan,COLLATERAL_ID,isLessThan,nan
SBL_COLLATERAL_L,nan,COLLATERAL_ID,AmtIsLessThan,nan
SBL_COLLATERAL_L,nan,COLLATERAL_ID,inDomain,nan
SBL_EXPOSURE_L,nan,BUY_SELL,isNotNull,()
SBL_EXPOSURE_L,nan,BUY_SELL,isGreaterThan,nan
SBL_EXPOSURE_L,nan,BUY_SELL,isLessThan,nan
SBL_EXPOSURE_L,nan,BUY_SELL,AmtIsLessThan,nan
SBL_EXPOSURE_L,nan,BUY_SELL,inDomain,nan
SBL_EXPOSURE_L,nan,CURRENCY,isNotNull,()
SBL_EXPOSURE_L,nan,CURRENCY,isGreaterThan,nan
SBL_EXPOSURE_L,nan,CURRENCY,isLessThan,nan
SBL_EXPOSURE_L,nan,CURRENCY,AmtIsLessThan,nan
SBL_EXPOSURE_L,nan,CURRENCY,inDomain,(Currency_3_Cd)
SBL_EXPOSURE_L,nan,START_DATE,isNotNull,()
SBL_EXPOSURE_L,nan,START_DATE,isGreaterThan,nan
SBL_EXPOSURE_L,nan,START_DATE,isLessThan,nan
SBL_EXPOSURE_L,nan,START_DATE,AmtIsLessThan,nan
SBL_EXPOSURE_L,nan,START_DATE,inDomain,nan
SBL_EXPOSURE_L,where Open_SBL = 'FALSE',START_DATE,isNotNull,()
SBL_EXPOSURE_L,where Open_SBL = 'FALSE',START_DATE,isGreaterThan,nan
SBL_EXPOSURE_L,where Open_SBL = 'FALSE',START_DATE,isLessThan,(MATURITY_DATE)
SBL_EXPOSURE_L,where Open_SBL = 'FALSE',START_DATE,AmtIsLessThan,nan
SBL_EXPOSURE_L,where Open_SBL = 'FALSE',START_DATE,inDomain,nan
SBL_EXPOSURE_L,where Open_SBL = 'FALSE',MATURITY_DATE,isNotNull,()
SBL_EXPOSURE_L,where Open_SBL = 'FALSE',MATURITY_DATE,isGreaterThan,(START_DATE)
SBL_EXPOSURE_L,where Open_SBL = 'FALSE',MATURITY_DATE,isLessThan,nan
SBL_EXPOSURE_L,where Open_SBL = 'FALSE',MATURITY_DATE,AmtIsLessThan,nan
SBL_EXPOSURE_L,where Open_SBL = 'FALSE',MATURITY_DATE,inDomain,nan
SBL_EXPOSURE_L,nan,QUANTITY,isNotNull,()
SBL_EXPOSURE_L,nan,QUANTITY,isGreaterThan,(0.01)
SBL_EXPOSURE_L,nan,QUANTITY,isLessThan,(1 000 000 000)
SBL_EXPOSURE_L,nan,QUANTITY,AmtIsLessThan,nan
SBL_EXPOSURE_L,nan,QUANTITY,inDomain,nan
SBL_EXPOSURE_L,nan,OPEN_SBL,isNotNull,()
SBL_EXPOSURE_L,nan,OPEN_SBL,isGreaterThan,nan
SBL_EXPOSURE_L,nan,OPEN_SBL,isLessThan,nan
SBL_EXPOSURE_L,nan,OPEN_SBL,AmtIsLessThan,nan
SBL_EXPOSURE_L,nan,OPEN_SBL,inDomain,nan
SBL_EXPOSURE_L,nan,PRODUCT_TYPE,isNotNull,()
SBL_EXPOSURE_L,nan,PRODUCT_TYPE,isGreaterThan,nan
SBL_EXPOSURE_L,nan,PRODUCT_TYPE,isLessThan,nan
SBL_EXPOSURE_L,nan,PRODUCT_TYPE,AmtIsLessThan,nan
SBL_EXPOSURE_L,nan,PRODUCT_TYPE,inDomain,nan
SBL_EXPOSURE_L,nan,SECURITY_ID,isNotNull,()
SBL_EXPOSURE_L,nan,SECURITY_ID,isGreaterThan,nan
SBL_EXPOSURE_L,nan,SECURITY_ID,isLessThan,nan
SBL_EXPOSURE_L,nan,SECURITY_ID,AmtIsLessThan,nan
SBL_EXPOSURE_L,nan,SECURITY_ID,inDomain,nan
SBL_EXPOSURE_L,nan,SECURITY_ID_TYPE,isNotNull,()
SBL_EXPOSURE_L,nan,SECURITY_ID_TYPE,isGreaterThan,nan
SBL_EXPOSURE_L,nan,SECURITY_ID_TYPE,isLessThan,nan
SBL_EXPOSURE_L,nan,SECURITY_ID_TYPE,AmtIsLessThan,nan
SBL_EXPOSURE_L,nan,SECURITY_ID_TYPE,inDomain,nan
SBL_EXPOSURE_L,nan,TRADE_ID,isNotNull,()
SBL_EXPOSURE_L,nan,TRADE_ID,isGreaterThan,nan
SBL_EXPOSURE_L,nan,TRADE_ID,isLessThan,nan
SBL_EXPOSURE_L,nan,TRADE_ID,AmtIsLessThan,nan
SBL_EXPOSURE_L,nan,TRADE_ID,inDomain,nan
T_BILL_L,nan,CLOSING_PRICE,isNotNull,()
T_BILL_L,nan,CLOSING_PRICE,isGreaterThan,(0)
T_BILL_L,nan,CLOSING_PRICE,isLessThan,nan
T_BILL_L,nan,CLOSING_PRICE,AmtIsLessThan,(1 000 000 000, 'CAD', CURRENCY)
T_BILL_L,nan,CLOSING_PRICE,inDomain,nan
T_BILL_L,nan,CURRENCY,isNotNull,()
T_BILL_L,nan,CURRENCY,isGreaterThan,nan
T_BILL_L,nan,CURRENCY,isLessThan,nan
T_BILL_L,nan,CURRENCY,AmtIsLessThan,nan
T_BILL_L,nan,CURRENCY,inDomain,(Currency_3_Cd)
T_BILL_L,nan,ISSUER_ID,isNotNull,()
T_BILL_L,nan,ISSUER_ID,isGreaterThan,nan
T_BILL_L,nan,ISSUER_ID,isLessThan,nan
T_BILL_L,nan,ISSUER_ID,AmtIsLessThan,nan
T_BILL_L,nan,ISSUER_ID,inDomain,nan
T_BILL_L,nan,ISSUE_DATE,isNotNull,()
T_BILL_L,nan,ISSUE_DATE,isGreaterThan,nan
T_BILL_L,nan,ISSUE_DATE,isLessThan,(MATURITY_DATE)
T_BILL_L,nan,ISSUE_DATE,AmtIsLessThan,nan
T_BILL_L,nan,ISSUE_DATE,inDomain,nan
T_BILL_L,nan,MATURITY_DATE,isNotNull,()
T_BILL_L,nan,MATURITY_DATE,isGreaterThan,(START_DATE)
T_BILL_L,nan,MATURITY_DATE,isLessThan,nan
T_BILL_L,nan,MATURITY_DATE,AmtIsLessThan,nan
T_BILL_L,nan,MATURITY_DATE,inDomain,nan
T_BILL_L,nan,NOTIONAL,isNotNull,()
T_BILL_L,nan,NOTIONAL,isGreaterThan,(0)
T_BILL_L,nan,NOTIONAL,isLessThan,nan
T_BILL_L,nan,NOTIONAL,AmtIsLessThan,(1 000 000 000, 'CAD', CURRENCY)
T_BILL_L,nan,NOTIONAL,inDomain,nan
T_BILL_L,nan,CTR_OBJECT_TYPE,isNotNull,()
T_BILL_L,nan,CTR_OBJECT_TYPE,isGreaterThan,nan
T_BILL_L,nan,CTR_OBJECT_TYPE,isLessThan,nan
T_BILL_L,nan,CTR_OBJECT_TYPE,AmtIsLessThan,nan
T_BILL_L,nan,CTR_OBJECT_TYPE,inDomain,nan
T_BILL_L,nan,SECURITY_ID,isNotNull,()
T_BILL_L,nan,SECURITY_ID,isGreaterThan,nan
T_BILL_L,nan,SECURITY_ID,isLessThan,nan
T_BILL_L,nan,SECURITY_ID,AmtIsLessThan,nan
T_BILL_L,nan,SECURITY_ID,inDomain,nan
TRADE_HOLDING_MEASURES_L,nan,GL_NOTIONAL_CURRENCY_ID,isNotNull,()
TRADE_HOLDING_MEASURES_L,nan,GL_NOTIONAL_CURRENCY_ID,isGreaterThan,nan
TRADE_HOLDING_MEASURES_L,nan,GL_NOTIONAL_CURRENCY_ID,isLessThan,nan
TRADE_HOLDING_MEASURES_L,nan,GL_NOTIONAL_CURRENCY_ID,AmtIsLessThan,nan
TRADE_HOLDING_MEASURES_L,nan,GL_NOTIONAL_CURRENCY_ID,inDomain,(Currency_3_Cd)
TRADE_HOLDING_MEASURES_L,nan,GL_NOTIONAL_AMT,isNotNull,()
TRADE_HOLDING_MEASURES_L,nan,GL_NOTIONAL_AMT,isGreaterThan,(0)
TRADE_HOLDING_MEASURES_L,nan,GL_NOTIONAL_AMT,isLessThan,nan
TRADE_HOLDING_MEASURES_L,nan,GL_NOTIONAL_AMT,AmtIsLessThan,(1 000 000 000, 'CAD', CURRENCY)
TRADE_HOLDING_MEASURES_L,nan,GL_NOTIONAL_AMT,inDomain,nan
LANCELOT_DEAL_L,nan,NON_CARDS_COUNTERPARTY_ID,isNotNull,()
LANCELOT_DEAL_L,nan,NON_CARDS_COUNTERPARTY_ID,isGreaterThan,nan
LANCELOT_DEAL_L,nan,NON_CARDS_COUNTERPARTY_ID,isLessThan,nan
LANCELOT_DEAL_L,nan,NON_CARDS_COUNTERPARTY_ID,AmtIsLessThan,nan
LANCELOT_DEAL_L,nan,NON_CARDS_COUNTERPARTY_ID,inDomain,nan
LANCELOT_DEAL_L,nan,START_DATE,isNotNull,()
LANCELOT_DEAL_L,nan,START_DATE,isGreaterThan,nan
LANCELOT_DEAL_L,nan,START_DATE,isLessThan,(MATURITY_DATE)
LANCELOT_DEAL_L,nan,START_DATE,AmtIsLessThan,nan
LANCELOT_DEAL_L,nan,START_DATE,inDomain,nan
LANCELOT_DEAL_L,nan,MATURITY_DATE,isNotNull,()
LANCELOT_DEAL_L,nan,MATURITY_DATE,isGreaterThan,(START_DATE)
LANCELOT_DEAL_L,nan,MATURITY_DATE,isLessThan,nan
LANCELOT_DEAL_L,nan,MATURITY_DATE,AmtIsLessThan,nan
LANCELOT_DEAL_L,nan,MATURITY_DATE,inDomain,nan
LANCELOT_DEAL_L,nan,PRODUCT_TYPE,isNotNull,()
LANCELOT_DEAL_L,nan,PRODUCT_TYPE,isGreaterThan,nan
LANCELOT_DEAL_L,nan,PRODUCT_TYPE,isLessThan,nan
LANCELOT_DEAL_L,nan,PRODUCT_TYPE,AmtIsLessThan,nan
LANCELOT_DEAL_L,nan,PRODUCT_TYPE,inDomain,nan
LANCELOT_DEAL_L,nan,TRADE_HOLDING_ID,isNotNull,()
LANCELOT_DEAL_L,nan,TRADE_HOLDING_ID,isGreaterThan,nan
LANCELOT_DEAL_L,nan,TRADE_HOLDING_ID,isLessThan,nan
LANCELOT_DEAL_L,nan,TRADE_HOLDING_ID,AmtIsLessThan,nan
LANCELOT_DEAL_L,nan,TRADE_HOLDING_ID,inDomain,nan
RISKWATCH_COLLATERAL_EXP,nan,BUY,isNotNull,()
RISKWATCH_COLLATERAL_EXP,nan,BUY,isGreaterThan,nan
RISKWATCH_COLLATERAL_EXP,nan,BUY,isLessThan,nan
RISKWATCH_COLLATERAL_EXP,nan,BUY,AmtIsLessThan,nan
RISKWATCH_COLLATERAL_EXP,nan,BUY,inDomain,nan
RISKWATCH_COLLATERAL_EXP,nan,CURRENCY,isNotNull,()
RISKWATCH_COLLATERAL_EXP,nan,CURRENCY,isGreaterThan,nan
RISKWATCH_COLLATERAL_EXP,nan,CURRENCY,isLessThan,nan
RISKWATCH_COLLATERAL_EXP,nan,CURRENCY,AmtIsLessThan,nan
RISKWATCH_COLLATERAL_EXP,nan,CURRENCY,inDomain,(Currency_3_Cd)
RISKWATCH_COLLATERAL_EXP,nan,CARDS_ID,isNotNull,()
RISKWATCH_COLLATERAL_EXP,nan,CARDS_ID,isGreaterThan,nan
RISKWATCH_COLLATERAL_EXP,nan,CARDS_ID,isLessThan,nan
RISKWATCH_COLLATERAL_EXP,nan,CARDS_ID,AmtIsLessThan,nan
RISKWATCH_COLLATERAL_EXP,nan,CARDS_ID,inDomain,nan
RISKWATCH_COLLATERAL_EXP,nan,MATURITY_DATE,isNotNull,()
RISKWATCH_COLLATERAL_EXP,nan,MATURITY_DATE,isGreaterThan,(VALUATION_DATE)
RISKWATCH_COLLATERAL_EXP,nan,MATURITY_DATE,isLessThan,nan
RISKWATCH_COLLATERAL_EXP,nan,MATURITY_DATE,AmtIsLessThan,nan
RISKWATCH_COLLATERAL_EXP,nan,MATURITY_DATE,inDomain,nan
RISKWATCH_COLLATERAL_EXP,nan,COLLATERAL_TYPE,isNotNull,()
RISKWATCH_COLLATERAL_EXP,nan,COLLATERAL_TYPE,isGreaterThan,nan
RISKWATCH_COLLATERAL_EXP,nan,COLLATERAL_TYPE,isLessThan,nan
RISKWATCH_COLLATERAL_EXP,nan,COLLATERAL_TYPE,AmtIsLessThan,nan
RISKWATCH_COLLATERAL_EXP,nan,COLLATERAL_TYPE,inDomain,nan
RISKWATCH_COLLATERAL_EXP,nan,UNDERLYING_INSTRUMENT,isNotNull,()
RISKWATCH_COLLATERAL_EXP,nan,UNDERLYING_INSTRUMENT,isGreaterThan,nan
RISKWATCH_COLLATERAL_EXP,nan,UNDERLYING_INSTRUMENT,isLessThan,nan
RISKWATCH_COLLATERAL_EXP,nan,UNDERLYING_INSTRUMENT,AmtIsLessThan,nan
RISKWATCH_COLLATERAL_EXP,nan,UNDERLYING_INSTRUMENT,inDomain,nan
RISKWATCH_COLLATERAL_EXP,nan,ID,isNotNull,()
RISKWATCH_COLLATERAL_EXP,nan,ID,isGreaterThan,nan
RISKWATCH_COLLATERAL_EXP,nan,ID,isLessThan,nan
RISKWATCH_COLLATERAL_EXP,nan,ID,AmtIsLessThan,nan
RISKWATCH_COLLATERAL_EXP,nan,ID,inDomain,nan
RISKWATCH_COLLATERAL_EXP,nan,PROCESSING_DATE,isNotNull,()
RISKWATCH_COLLATERAL_EXP,nan,PROCESSING_DATE,isGreaterThan,nan
RISKWATCH_COLLATERAL_EXP,nan,PROCESSING_DATE,isLessThan,(MATURITY_DATE)
RISKWATCH_COLLATERAL_EXP,nan,PROCESSING_DATE,AmtIsLessThan,nan
RISKWATCH_COLLATERAL_EXP,nan,PROCESSING_DATE,inDomain,nan
RISKWATCH_EQUITY_EXP,nan,SPOT_PRICE,isNotNull,()
RISKWATCH_EQUITY_EXP,nan,SPOT_PRICE,isGreaterThan,(0)
RISKWATCH_EQUITY_EXP,nan,SPOT_PRICE,isLessThan,nan
RISKWATCH_EQUITY_EXP,nan,SPOT_PRICE,AmtIsLessThan,(1 000 000 000, 'CAD', CURRENCY)
RISKWATCH_EQUITY_EXP,nan,SPOT_PRICE,inDomain,nan
RISKWATCH_EQUITY_EXP,nan,CURRENCY,isNotNull,()
RISKWATCH_EQUITY_EXP,nan,CURRENCY,isGreaterThan,nan
RISKWATCH_EQUITY_EXP,nan,CURRENCY,isLessThan,nan
RISKWATCH_EQUITY_EXP,nan,CURRENCY,AmtIsLessThan,nan
RISKWATCH_EQUITY_EXP,nan,CURRENCY,inDomain,(Currency_3_Cd)
RISKWATCH_EQUITY_EXP,nan,NAME,isNotNull,()
RISKWATCH_EQUITY_EXP,nan,NAME,isGreaterThan,nan
RISKWATCH_EQUITY_EXP,nan,NAME,isLessThan,nan
RISKWATCH_EQUITY_EXP,nan,NAME,AmtIsLessThan,nan
RISKWATCH_EQUITY_EXP,nan,NAME,inDomain,nan
RISKWATCH_EQUITY_EXP,nan,TICKER,isNotNull,()
RISKWATCH_EQUITY_EXP,nan,TICKER,isGreaterThan,nan
RISKWATCH_EQUITY_EXP,nan,TICKER,isLessThan,nan
RISKWATCH_EQUITY_EXP,nan,TICKER,AmtIsLessThan,nan
RISKWATCH_EQUITY_EXP,nan,TICKER,inDomain,nan
RISKWATCH_EQUITY_EXP,nan,ASSET_SPOT_DATE,isNotNull,()
RISKWATCH_EQUITY_EXP,nan,ASSET_SPOT_DATE,isGreaterThan,nan
RISKWATCH_EQUITY_EXP,nan,ASSET_SPOT_DATE,isLessThan,nan
RISKWATCH_EQUITY_EXP,nan,ASSET_SPOT_DATE,AmtIsLessThan,nan
RISKWATCH_EQUITY_EXP,nan,ASSET_SPOT_DATE,inDomain,nan
RISKWATCH_FRN_EXP,nan,BUY,isNotNull,()
RISKWATCH_FRN_EXP,nan,BUY,isGreaterThan,nan
RISKWATCH_FRN_EXP,nan,BUY,isLessThan,nan
RISKWATCH_FRN_EXP,nan,BUY,AmtIsLessThan,nan
RISKWATCH_FRN_EXP,nan,BUY,inDomain,nan
RISKWATCH_FRN_EXP,nan,CLOSE_PRICE,isNotNull,()
RISKWATCH_FRN_EXP,nan,CLOSE_PRICE,isGreaterThan,(0)
RISKWATCH_FRN_EXP,nan,CLOSE_PRICE,isLessThan,nan
RISKWATCH_FRN_EXP,nan,CLOSE_PRICE,AmtIsLessThan,(1 000 000 000, 'CAD', CURRENCY)
RISKWATCH_FRN_EXP,nan,CLOSE_PRICE,inDomain,nan
RISKWATCH_FRN_EXP,nan,CURRENCY,isNotNull,()
RISKWATCH_FRN_EXP,nan,CURRENCY,isGreaterThan,nan
RISKWATCH_FRN_EXP,nan,CURRENCY,isLessThan,nan
RISKWATCH_FRN_EXP,nan,CURRENCY,AmtIsLessThan,nan
RISKWATCH_FRN_EXP,nan,CURRENCY,inDomain,(Currency_3_Cd)
RISKWATCH_FRN_EXP,nan,ISSUER,isNotNull,()
RISKWATCH_FRN_EXP,nan,ISSUER,isGreaterThan,nan
RISKWATCH_FRN_EXP,nan,ISSUER,isLessThan,nan
RISKWATCH_FRN_EXP,nan,ISSUER,AmtIsLessThan,nan
RISKWATCH_FRN_EXP,nan,ISSUER,inDomain,nan
RISKWATCH_FRN_EXP,nan,ISSUE_DATE,isNotNull,()
RISKWATCH_FRN_EXP,nan,ISSUE_DATE,isGreaterThan,nan
RISKWATCH_FRN_EXP,nan,ISSUE_DATE,isLessThan,(MATURITY_DATE)
RISKWATCH_FRN_EXP,nan,ISSUE_DATE,AmtIsLessThan,nan
RISKWATCH_FRN_EXP,nan,ISSUE_DATE,inDomain,nan
RISKWATCH_FRN_EXP,nan,MATURITY_DATE,isNotNull,()
RISKWATCH_FRN_EXP,nan,MATURITY_DATE,isGreaterThan,(START_DATE), (VALUATION_DATE)
RISKWATCH_FRN_EXP,nan,MATURITY_DATE,isLessThan,nan
RISKWATCH_FRN_EXP,nan,MATURITY_DATE,AmtIsLessThan,nan
RISKWATCH_FRN_EXP,nan,MATURITY_DATE,inDomain,nan
RISKWATCH_FRN_EXP,nan,THEORETICAL_MODEL,isNotNull,()
RISKWATCH_FRN_EXP,nan,THEORETICAL_MODEL,isGreaterThan,nan
RISKWATCH_FRN_EXP,nan,THEORETICAL_MODEL,isLessThan,nan
RISKWATCH_FRN_EXP,nan,THEORETICAL_MODEL,AmtIsLessThan,nan
RISKWATCH_FRN_EXP,nan,THEORETICAL_MODEL,inDomain,nan
RISKWATCH_FRN_EXP,nan,ID,isNotNull,()
RISKWATCH_FRN_EXP,nan,ID,isGreaterThan,nan
RISKWATCH_FRN_EXP,nan,ID,isLessThan,nan
RISKWATCH_FRN_EXP,nan,ID,AmtIsLessThan,nan
RISKWATCH_FRN_EXP,nan,ID,inDomain,nan
RISKWATCH_FRN_EXP,nan,PROCESSING_DATE,isNotNull,()
RISKWATCH_FRN_EXP,nan,PROCESSING_DATE,isGreaterThan,nan
RISKWATCH_FRN_EXP,nan,PROCESSING_DATE,isLessThan,(MATURITY_DATE)
RISKWATCH_FRN_EXP,nan,PROCESSING_DATE,AmtIsLessThan,nan
RISKWATCH_FRN_EXP,nan,PROCESSING_DATE,inDomain,nan
RISKWATCH_FX_FORWARD_EXP,nan,CURRENCY,isNotNull,()
RISKWATCH_FX_FORWARD_EXP,nan,CURRENCY,isGreaterThan,nan
RISKWATCH_FX_FORWARD_EXP,nan,CURRENCY,isLessThan,nan
RISKWATCH_FX_FORWARD_EXP,nan,CURRENCY,AmtIsLessThan,nan
RISKWATCH_FX_FORWARD_EXP,nan,CURRENCY,inDomain,(Currency_3_Cd)
RISKWATCH_FX_FORWARD_EXP,nan,CARDS_ID,isNotNull,()
RISKWATCH_FX_FORWARD_EXP,nan,CARDS_ID,isGreaterThan,nan
RISKWATCH_FX_FORWARD_EXP,nan,CARDS_ID,isLessThan,nan
RISKWATCH_FX_FORWARD_EXP,nan,CARDS_ID,AmtIsLessThan,nan
RISKWATCH_FX_FORWARD_EXP,nan,CARDS_ID,inDomain,nan
RISKWATCH_FX_FORWARD_EXP,nan,ISSUE_DATE,isNotNull,()
RISKWATCH_FX_FORWARD_EXP,nan,ISSUE_DATE,isGreaterThan,nan
RISKWATCH_FX_FORWARD_EXP,nan,ISSUE_DATE,isLessThan,(MATURITY_DATE)
RISKWATCH_FX_FORWARD_EXP,nan,ISSUE_DATE,AmtIsLessThan,nan
RISKWATCH_FX_FORWARD_EXP,nan,ISSUE_DATE,inDomain,nan
RISKWATCH_FX_FORWARD_EXP,nan,MATURITY_DATE,isNotNull,()
RISKWATCH_FX_FORWARD_EXP,nan,MATURITY_DATE,isGreaterThan,(START_DATE), (VALUATION_DATE)
RISKWATCH_FX_FORWARD_EXP,nan,MATURITY_DATE,isLessThan,nan
RISKWATCH_FX_FORWARD_EXP,nan,MATURITY_DATE,AmtIsLessThan,nan
RISKWATCH_FX_FORWARD_EXP,nan,MATURITY_DATE,inDomain,nan
RISKWATCH_FX_FORWARD_EXP,nan,GL_NOTIONAL,isNotNull,()
RISKWATCH_FX_FORWARD_EXP,nan,GL_NOTIONAL,isGreaterThan,(0)
RISKWATCH_FX_FORWARD_EXP,nan,GL_NOTIONAL,isLessThan,nan
RISKWATCH_FX_FORWARD_EXP,nan,GL_NOTIONAL,AmtIsLessThan,(1 000 000 000, 'CAD', CURRENCY)
RISKWATCH_FX_FORWARD_EXP,nan,GL_NOTIONAL,inDomain,nan
RISKWATCH_FX_FORWARD_EXP,nan,THEORETICAL_MODEL,isNotNull,()
RISKWATCH_FX_FORWARD_EXP,nan,THEORETICAL_MODEL,isGreaterThan,nan
RISKWATCH_FX_FORWARD_EXP,nan,THEORETICAL_MODEL,isLessThan,nan
RISKWATCH_FX_FORWARD_EXP,nan,THEORETICAL_MODEL,AmtIsLessThan,nan
RISKWATCH_FX_FORWARD_EXP,nan,THEORETICAL_MODEL,inDomain,nan
RISKWATCH_FX_FORWARD_EXP,nan,ID,isNotNull,()
RISKWATCH_FX_FORWARD_EXP,nan,ID,isGreaterThan,nan
RISKWATCH_FX_FORWARD_EXP,nan,ID,isLessThan,nan
RISKWATCH_FX_FORWARD_EXP,nan,ID,AmtIsLessThan,nan
RISKWATCH_FX_FORWARD_EXP,nan,ID,inDomain,nan
RISKWATCH_FX_FORWARD_EXP,nan,PROCESSING_DATE,isNotNull,()
RISKWATCH_FX_FORWARD_EXP,nan,PROCESSING_DATE,isGreaterThan,nan
RISKWATCH_FX_FORWARD_EXP,nan,PROCESSING_DATE,isLessThan,(MATURITY_DATE)
RISKWATCH_FX_FORWARD_EXP,nan,PROCESSING_DATE,AmtIsLessThan,nan
RISKWATCH_FX_FORWARD_EXP,nan,PROCESSING_DATE,inDomain,nan
RISKWATCH_REPO_EXP,nan,BUY,isNotNull,()
RISKWATCH_REPO_EXP,nan,BUY,isGreaterThan,nan
RISKWATCH_REPO_EXP,nan,BUY,isLessThan,nan
RISKWATCH_REPO_EXP,nan,BUY,AmtIsLessThan,nan
RISKWATCH_REPO_EXP,nan,BUY,inDomain,nan
RISKWATCH_REPO_EXP,nan,CURRENCY,isNotNull,()
RISKWATCH_REPO_EXP,nan,CURRENCY,isGreaterThan,nan
RISKWATCH_REPO_EXP,nan,CURRENCY,isLessThan,nan
RISKWATCH_REPO_EXP,nan,CURRENCY,AmtIsLessThan,nan
RISKWATCH_REPO_EXP,nan,CURRENCY,inDomain,(Currency_3_Cd)
RISKWATCH_REPO_EXP,nan,CARDS_ID,isNotNull,()
RISKWATCH_REPO_EXP,nan,CARDS_ID,isGreaterThan,nan
RISKWATCH_REPO_EXP,nan,CARDS_ID,isLessThan,nan
RISKWATCH_REPO_EXP,nan,CARDS_ID,AmtIsLessThan,nan
RISKWATCH_REPO_EXP,nan,CARDS_ID,inDomain,nan
RISKWATCH_REPO_EXP,nan,ISSUE_DATE,isNotNull,()
RISKWATCH_REPO_EXP,nan,ISSUE_DATE,isGreaterThan,nan
RISKWATCH_REPO_EXP,nan,ISSUE_DATE,isLessThan,(MATURITY_DATE)
RISKWATCH_REPO_EXP,nan,ISSUE_DATE,AmtIsLessThan,nan
RISKWATCH_REPO_EXP,nan,ISSUE_DATE,inDomain,nan
RISKWATCH_REPO_EXP,nan,MATURITY_DATE,isNotNull,()
RISKWATCH_REPO_EXP,nan,MATURITY_DATE,isGreaterThan,(START_DATE), (VALUATION_DATE)
RISKWATCH_REPO_EXP,nan,MATURITY_DATE,isLessThan,nan
RISKWATCH_REPO_EXP,nan,MATURITY_DATE,AmtIsLessThan,nan
RISKWATCH_REPO_EXP,nan,MATURITY_DATE,inDomain,nan
RISKWATCH_REPO_EXP,nan,ORIGINAL_NOTIONAL,isNotNull,()
RISKWATCH_REPO_EXP,nan,ORIGINAL_NOTIONAL,isGreaterThan,(0)
RISKWATCH_REPO_EXP,nan,ORIGINAL_NOTIONAL,isLessThan,nan
RISKWATCH_REPO_EXP,nan,ORIGINAL_NOTIONAL,AmtIsLessThan,(1 000 000 000, 'CAD', CURRENCY)
RISKWATCH_REPO_EXP,nan,ORIGINAL_NOTIONAL,inDomain,nan
RISKWATCH_REPO_EXP,nan,UNITS,isNotNull,()
RISKWATCH_REPO_EXP,nan,UNITS,isGreaterThan,(0.01)
RISKWATCH_REPO_EXP,nan,UNITS,isLessThan,(1 000 000 000)
RISKWATCH_REPO_EXP,nan,UNITS,AmtIsLessThan,nan
RISKWATCH_REPO_EXP,nan,UNITS,inDomain,nan
RISKWATCH_REPO_EXP,nan,THEORETICAL_MODEL,isNotNull,()
RISKWATCH_REPO_EXP,nan,THEORETICAL_MODEL,isGreaterThan,nan
RISKWATCH_REPO_EXP,nan,THEORETICAL_MODEL,isLessThan,nan
RISKWATCH_REPO_EXP,nan,THEORETICAL_MODEL,AmtIsLessThan,nan
RISKWATCH_REPO_EXP,nan,THEORETICAL_MODEL,inDomain,nan
RISKWATCH_REPO_EXP,nan,UNDERLYING_INSTRUMENT,isNotNull,()
RISKWATCH_REPO_EXP,nan,UNDERLYING_INSTRUMENT,isGreaterThan,nan
RISKWATCH_REPO_EXP,nan,UNDERLYING_INSTRUMENT,isLessThan,nan
RISKWATCH_REPO_EXP,nan,UNDERLYING_INSTRUMENT,AmtIsLessThan,nan
RISKWATCH_REPO_EXP,nan,UNDERLYING_INSTRUMENT,inDomain,nan
RISKWATCH_REPO_EXP,nan,ID,isNotNull,()
RISKWATCH_REPO_EXP,nan,ID,isGreaterThan,nan
RISKWATCH_REPO_EXP,nan,ID,isLessThan,nan
RISKWATCH_REPO_EXP,nan,ID,AmtIsLessThan,nan
RISKWATCH_REPO_EXP,nan,ID,inDomain,nan
RISKWATCH_REPO_EXP,nan,PROCESSING_DATE,isNotNull,()
RISKWATCH_REPO_EXP,nan,PROCESSING_DATE,isGreaterThan,nan
RISKWATCH_REPO_EXP,nan,PROCESSING_DATE,isLessThan,(MATURITY_DATE)
RISKWATCH_REPO_EXP,nan,PROCESSING_DATE,AmtIsLessThan,nan
RISKWATCH_REPO_EXP,nan,PROCESSING_DATE,inDomain,nan
RISKWATCH_SBL_COLLATERAL_EXP,nan,BUY,isNotNull,()
RISKWATCH_SBL_COLLATERAL_EXP,nan,BUY,isGreaterThan,nan
RISKWATCH_SBL_COLLATERAL_EXP,nan,BUY,isLessThan,nan
RISKWATCH_SBL_COLLATERAL_EXP,nan,BUY,AmtIsLessThan,nan
RISKWATCH_SBL_COLLATERAL_EXP,nan,BUY,inDomain,nan
RISKWATCH_SBL_COLLATERAL_EXP,nan,CURRENCY,isNotNull,()
RISKWATCH_SBL_COLLATERAL_EXP,nan,CURRENCY,isGreaterThan,nan
RISKWATCH_SBL_COLLATERAL_EXP,nan,CURRENCY,isLessThan,nan
RISKWATCH_SBL_COLLATERAL_EXP,nan,CURRENCY,AmtIsLessThan,nan
RISKWATCH_SBL_COLLATERAL_EXP,nan,CURRENCY,inDomain,(Currency_3_Cd)
RISKWATCH_SBL_COLLATERAL_EXP,nan,CARDS_ID,isNotNull,()
RISKWATCH_SBL_COLLATERAL_EXP,nan,CARDS_ID,isGreaterThan,nan
RISKWATCH_SBL_COLLATERAL_EXP,nan,CARDS_ID,isLessThan,nan
RISKWATCH_SBL_COLLATERAL_EXP,nan,CARDS_ID,AmtIsLessThan,nan
RISKWATCH_SBL_COLLATERAL_EXP,nan,CARDS_ID,inDomain,nan
RISKWATCH_SBL_COLLATERAL_EXP,nan,MATURITY_DATE,isNotNull,()
RISKWATCH_SBL_COLLATERAL_EXP,nan,MATURITY_DATE,isGreaterThan,(START_DATE)
RISKWATCH_SBL_COLLATERAL_EXP,nan,MATURITY_DATE,isLessThan,nan
RISKWATCH_SBL_COLLATERAL_EXP,nan,MATURITY_DATE,AmtIsLessThan,nan
RISKWATCH_SBL_COLLATERAL_EXP,nan,MATURITY_DATE,inDomain,nan
RISKWATCH_SBL_COLLATERAL_EXP,nan,GL_NOTIONAL,isNotNull,()
RISKWATCH_SBL_COLLATERAL_EXP,nan,GL_NOTIONAL,isGreaterThan,(0)
RISKWATCH_SBL_COLLATERAL_EXP,nan,GL_NOTIONAL,isLessThan,nan
RISKWATCH_SBL_COLLATERAL_EXP,nan,GL_NOTIONAL,AmtIsLessThan,(1 000 000 000, 'CAD', CURRENCY)
RISKWATCH_SBL_COLLATERAL_EXP,nan,GL_NOTIONAL,inDomain,nan
RISKWATCH_SBL_COLLATERAL_EXP,nan,UNITS,isNotNull,()
RISKWATCH_SBL_COLLATERAL_EXP,nan,UNITS,isGreaterThan,(0.01)
RISKWATCH_SBL_COLLATERAL_EXP,nan,UNITS,isLessThan,(1 000 000 000)
RISKWATCH_SBL_COLLATERAL_EXP,nan,UNITS,AmtIsLessThan,nan
RISKWATCH_SBL_COLLATERAL_EXP,nan,UNITS,inDomain,nan
RISKWATCH_SBL_COLLATERAL_EXP,nan,THEORETICAL_MODEL,isNotNull,()
RISKWATCH_SBL_COLLATERAL_EXP,nan,THEORETICAL_MODEL,isGreaterThan,nan
RISKWATCH_SBL_COLLATERAL_EXP,nan,THEORETICAL_MODEL,isLessThan,nan
RISKWATCH_SBL_COLLATERAL_EXP,nan,THEORETICAL_MODEL,AmtIsLessThan,nan
RISKWATCH_SBL_COLLATERAL_EXP,nan,THEORETICAL_MODEL,inDomain,nan
RISKWATCH_SBL_COLLATERAL_EXP,nan,UNDERLYING_INSTRUMENT,isNotNull,()
RISKWATCH_SBL_COLLATERAL_EXP,nan,UNDERLYING_INSTRUMENT,isGreaterThan,nan
RISKWATCH_SBL_COLLATERAL_EXP,nan,UNDERLYING_INSTRUMENT,isLessThan,nan
RISKWATCH_SBL_COLLATERAL_EXP,nan,UNDERLYING_INSTRUMENT,AmtIsLessThan,nan
RISKWATCH_SBL_COLLATERAL_EXP,nan,UNDERLYING_INSTRUMENT,inDomain,nan
RISKWATCH_SBL_COLLATERAL_EXP,nan,ID,isNotNull,()
RISKWATCH_SBL_COLLATERAL_EXP,nan,ID,isGreaterThan,nan
RISKWATCH_SBL_COLLATERAL_EXP,nan,ID,isLessThan,nan
RISKWATCH_SBL_COLLATERAL_EXP,nan,ID,AmtIsLessThan,nan
RISKWATCH_SBL_COLLATERAL_EXP,nan,ID,inDomain,nan
RISKWATCH_SBL_COLLATERAL_EXP,nan,PROCESSING_DATE,isNotNull,()
RISKWATCH_SBL_COLLATERAL_EXP,nan,PROCESSING_DATE,isGreaterThan,nan
RISKWATCH_SBL_COLLATERAL_EXP,nan,PROCESSING_DATE,isLessThan,(MATURITY_DATE)
RISKWATCH_SBL_COLLATERAL_EXP,nan,PROCESSING_DATE,AmtIsLessThan,nan
RISKWATCH_SBL_COLLATERAL_EXP,nan,PROCESSING_DATE,inDomain,nan
RISKWATCH_TBILL_EXP,nan,BUY,isNotNull,()
RISKWATCH_TBILL_EXP,nan,BUY,isGreaterThan,nan
RISKWATCH_TBILL_EXP,nan,BUY,isLessThan,nan
RISKWATCH_TBILL_EXP,nan,BUY,AmtIsLessThan,nan
RISKWATCH_TBILL_EXP,nan,BUY,inDomain,nan
RISKWATCH_TBILL_EXP,nan,CLOSE_PRICE,isNotNull,()
RISKWATCH_TBILL_EXP,nan,CLOSE_PRICE,isGreaterThan,(0)
RISKWATCH_TBILL_EXP,nan,CLOSE_PRICE,isLessThan,nan
RISKWATCH_TBILL_EXP,nan,CLOSE_PRICE,AmtIsLessThan,(1 000 000 000, 'CAD', CURRENCY)
RISKWATCH_TBILL_EXP,nan,CLOSE_PRICE,inDomain,nan
RISKWATCH_TBILL_EXP,nan,CURRENCY,isNotNull,()
RISKWATCH_TBILL_EXP,nan,CURRENCY,isGreaterThan,nan
RISKWATCH_TBILL_EXP,nan,CURRENCY,isLessThan,nan
RISKWATCH_TBILL_EXP,nan,CURRENCY,AmtIsLessThan,nan
RISKWATCH_TBILL_EXP,nan,CURRENCY,inDomain,(Currency_3_Cd)
RISKWATCH_TBILL_EXP,nan,ISSUE_DATE,isNotNull,()
RISKWATCH_TBILL_EXP,nan,ISSUE_DATE,isGreaterThan,nan
RISKWATCH_TBILL_EXP,nan,ISSUE_DATE,isLessThan,(MATURITY_DATE)
RISKWATCH_TBILL_EXP,nan,ISSUE_DATE,AmtIsLessThan,nan
RISKWATCH_TBILL_EXP,nan,ISSUE_DATE,inDomain,nan
RISKWATCH_TBILL_EXP,nan,MATURITY_DATE,isNotNull,()
RISKWATCH_TBILL_EXP,nan,MATURITY_DATE,isGreaterThan,(START_DATE), (VALUATION_DATE)
RISKWATCH_TBILL_EXP,nan,MATURITY_DATE,isLessThan,nan
RISKWATCH_TBILL_EXP,nan,MATURITY_DATE,AmtIsLessThan,nan
RISKWATCH_TBILL_EXP,nan,MATURITY_DATE,inDomain,nan
RISKWATCH_TBILL_EXP,nan,THEORETICAL_MODEL,isNotNull,()
RISKWATCH_TBILL_EXP,nan,THEORETICAL_MODEL,isGreaterThan,nan
RISKWATCH_TBILL_EXP,nan,THEORETICAL_MODEL,isLessThan,nan
RISKWATCH_TBILL_EXP,nan,THEORETICAL_MODEL,AmtIsLessThan,nan
RISKWATCH_TBILL_EXP,nan,THEORETICAL_MODEL,inDomain,nan
RISKWATCH_TBILL_EXP,nan,ID,isNotNull,()
RISKWATCH_TBILL_EXP,nan,ID,isGreaterThan,nan
RISKWATCH_TBILL_EXP,nan,ID,isLessThan,nan
RISKWATCH_TBILL_EXP,nan,ID,AmtIsLessThan,nan
RISKWATCH_TBILL_EXP,nan,ID,inDomain,nan
RISKWATCH_TBILL_EXP,nan,PROCESSING_DATE,isNotNull,()
RISKWATCH_TBILL_EXP,nan,PROCESSING_DATE,isGreaterThan,nan
RISKWATCH_TBILL_EXP,nan,PROCESSING_DATE,isLessThan,(MATURITY_DATE)
RISKWATCH_TBILL_EXP,nan,PROCESSING_DATE,AmtIsLessThan,nan
RISKWATCH_TBILL_EXP,nan,PROCESSING_DATE,inDomain,nan
LANCELOT_DEAL_L	,where PRODUCT_TYPE = 'Eq Option',BUY_SELL,isNotNull,()
LANCELOT_DEAL_L	,where PRODUCT_TYPE = 'Eq Option',BUY_SELL,isGreaterThan,nan
LANCELOT_DEAL_L	,where PRODUCT_TYPE = 'Eq Option',BUY_SELL,isLessThan,nan
LANCELOT_DEAL_L	,where PRODUCT_TYPE = 'Eq Option',BUY_SELL,AmtIsLessThan,nan
LANCELOT_DEAL_L	,where PRODUCT_TYPE = 'Eq Option',BUY_SELL,inDomain,nan
LANCELOT_DEAL_L	,where PRODUCT_TYPE = 'Eq Option',UNITS,isNotNull,()
LANCELOT_DEAL_L	,where PRODUCT_TYPE = 'Eq Option',UNITS,isGreaterThan,(0.01)
LANCELOT_DEAL_L	,where PRODUCT_TYPE = 'Eq Option',UNITS,isLessThan,(1 000 000 000)
LANCELOT_DEAL_L	,where PRODUCT_TYPE = 'Eq Option',UNITS,AmtIsLessThan,nan
LANCELOT_DEAL_L	,where PRODUCT_TYPE = 'Eq Option',UNITS,inDomain,nan
LANCELOT_DEAL_L	,where PRODUCT_TYPE = 'Eq Option',UNDERLYING_IDENTIFIER,isNotNull,()
LANCELOT_DEAL_L	,where PRODUCT_TYPE = 'Eq Option',UNDERLYING_IDENTIFIER,isGreaterThan,nan
LANCELOT_DEAL_L	,where PRODUCT_TYPE = 'Eq Option',UNDERLYING_IDENTIFIER,isLessThan,nan
LANCELOT_DEAL_L	,where PRODUCT_TYPE = 'Eq Option',UNDERLYING_IDENTIFIER,AmtIsLessThan,nan
LANCELOT_DEAL_L	,where PRODUCT_TYPE = 'Eq Option',UNDERLYING_IDENTIFIER,inDomain,nan
LANCELOT_DEAL_L	,where PRODUCT_TYPE = 'CD Swap',BUY_SELL,isNotNull,()
LANCELOT_DEAL_L	,where PRODUCT_TYPE = 'CD Swap',BUY_SELL,isGreaterThan,nan
LANCELOT_DEAL_L	,where PRODUCT_TYPE = 'CD Swap',BUY_SELL,isLessThan,nan
LANCELOT_DEAL_L	,where PRODUCT_TYPE = 'CD Swap',BUY_SELL,AmtIsLessThan,nan
LANCELOT_DEAL_L	,where PRODUCT_TYPE = 'CD Swap',BUY_SELL,inDomain,nan
LANCELOT_DEAL_L	,where PRODUCT_TYPE = 'Cap',BUY_SELL,isNotNull,()
LANCELOT_DEAL_L	,where PRODUCT_TYPE = 'Cap',BUY_SELL,isGreaterThan,nan
LANCELOT_DEAL_L	,where PRODUCT_TYPE = 'Cap',BUY_SELL,isLessThan,nan
LANCELOT_DEAL_L	,where PRODUCT_TYPE = 'Cap',BUY_SELL,AmtIsLessThan,nan
LANCELOT_DEAL_L	,where PRODUCT_TYPE = 'Cap',BUY_SELL,inDomain,nan
LANCELOT_DEAL_L,where PRODUCT_TYPE = 'FXC',BUY_SELL,isNotNull,()
LANCELOT_DEAL_L,where PRODUCT_TYPE = 'FXC',BUY_SELL,isGreaterThan,nan
LANCELOT_DEAL_L,where PRODUCT_TYPE = 'FXC',BUY_SELL,isLessThan,nan
LANCELOT_DEAL_L,where PRODUCT_TYPE = 'FXC',BUY_SELL,AmtIsLessThan,nan
LANCELOT_DEAL_L,where PRODUCT_TYPE = 'FXC',BUY_SELL,inDomain,nan
LANCELOT_DEAL_L,where PRODUCT_TYPE = 'FXD',BUY_SELL,isNotNull,()
LANCELOT_DEAL_L,where PRODUCT_TYPE = 'FXD',BUY_SELL,isGreaterThan,nan
LANCELOT_DEAL_L,where PRODUCT_TYPE = 'FXD',BUY_SELL,isLessThan,nan
LANCELOT_DEAL_L,where PRODUCT_TYPE = 'FXD',BUY_SELL,AmtIsLessThan,nan
LANCELOT_DEAL_L,where PRODUCT_TYPE = 'FXD',BUY_SELL,inDomain,nan
LANCELOT_DEAL_L,where PRODUCT_TYPE = 'FXF',BUY_SELL,isNotNull,()
LANCELOT_DEAL_L,where PRODUCT_TYPE = 'FXF',BUY_SELL,isGreaterThan,nan
LANCELOT_DEAL_L,where PRODUCT_TYPE = 'FXF',BUY_SELL,isLessThan,nan
LANCELOT_DEAL_L,where PRODUCT_TYPE = 'FXF',BUY_SELL,AmtIsLessThan,nan
LANCELOT_DEAL_L,where PRODUCT_TYPE = 'FXF',BUY_SELL,inDomain,nan
LANCELOT_DEAL_L,where PRODUCT_TYPE = 'FXF',BUY_SELL,isNotNull,()
LANCELOT_DEAL_L,where PRODUCT_TYPE = 'FXF',BUY_SELL,isGreaterThan,nan
LANCELOT_DEAL_L,where PRODUCT_TYPE = 'FXF',BUY_SELL,isLessThan,nan
LANCELOT_DEAL_L,where PRODUCT_TYPE = 'FXF',BUY_SELL,AmtIsLessThan,nan
LANCELOT_DEAL_L,where PRODUCT_TYPE = 'FXF',BUY_SELL,inDomain,nan
LANCELOT_DEAL_L,where PRODUCT_TYPE = 'FXFN',BUY_SELL,isNotNull,()
LANCELOT_DEAL_L,where PRODUCT_TYPE = 'FXFN',BUY_SELL,isGreaterThan,nan
LANCELOT_DEAL_L,where PRODUCT_TYPE = 'FXFN',BUY_SELL,isLessThan,nan
LANCELOT_DEAL_L,where PRODUCT_TYPE = 'FXFN',BUY_SELL,AmtIsLessThan,nan
LANCELOT_DEAL_L,where PRODUCT_TYPE = 'FXFN',BUY_SELL,inDomain,nan
LANCELOT_DEAL_L,where PRODUCT_TYPE = 'FXS',BUY_SELL,isNotNull,()
LANCELOT_DEAL_L,where PRODUCT_TYPE = 'FXS',BUY_SELL,isGreaterThan,nan
LANCELOT_DEAL_L,where PRODUCT_TYPE = 'FXS',BUY_SELL,isLessThan,nan
LANCELOT_DEAL_L,where PRODUCT_TYPE = 'FXS',BUY_SELL,AmtIsLessThan,nan
LANCELOT_DEAL_L,where PRODUCT_TYPE = 'FXS',BUY_SELL,inDomain,nan
LANCELOT_DEAL_L,where PRODUCT_TYPE = 'FXT',BUY_SELL,isNotNull,()
LANCELOT_DEAL_L,where PRODUCT_TYPE = 'FXT',BUY_SELL,isGreaterThan,nan
LANCELOT_DEAL_L,where PRODUCT_TYPE = 'FXT',BUY_SELL,isLessThan,nan
LANCELOT_DEAL_L,where PRODUCT_TYPE = 'FXT',BUY_SELL,AmtIsLessThan,nan
LANCELOT_DEAL_L,where PRODUCT_TYPE = 'FXT',BUY_SELL,inDomain,nan
LANCELOT_DEAL_L,where PRODUCT_TYPE = 'FXT',BUY_SELL,isNotNull,()
LANCELOT_DEAL_L,where PRODUCT_TYPE = 'FXT',BUY_SELL,isGreaterThan,nan
LANCELOT_DEAL_L,where PRODUCT_TYPE = 'FXT',BUY_SELL,isLessThan,nan
LANCELOT_DEAL_L,where PRODUCT_TYPE = 'FXT',BUY_SELL,AmtIsLessThan,nan
LANCELOT_DEAL_L,where PRODUCT_TYPE = 'FXT',BUY_SELL,inDomain,nan
LANCELOT_DEAL_L,where PRODUCT_TYPE = 'Floor',BUY_SELL,isNotNull,()
LANCELOT_DEAL_L,where PRODUCT_TYPE = 'Floor',BUY_SELL,isGreaterThan,nan
LANCELOT_DEAL_L,where PRODUCT_TYPE = 'Floor',BUY_SELL,isLessThan,nan
LANCELOT_DEAL_L,where PRODUCT_TYPE = 'Floor',BUY_SELL,AmtIsLessThan,nan
LANCELOT_DEAL_L,where PRODUCT_TYPE = 'Floor',BUY_SELL,inDomain,nan
LANCELOT_DEAL_L,where PRODUCT_TYPE = 'Future',BUY_SELL,isNotNull,()
LANCELOT_DEAL_L,where PRODUCT_TYPE = 'Future',BUY_SELL,isGreaterThan,nan
LANCELOT_DEAL_L,where PRODUCT_TYPE = 'Future',BUY_SELL,isLessThan,nan
LANCELOT_DEAL_L,where PRODUCT_TYPE = 'Future',BUY_SELL,AmtIsLessThan,nan
LANCELOT_DEAL_L,where PRODUCT_TYPE = 'Future',BUY_SELL,inDomain,nan
LANCELOT_DEAL_L,where PRODUCT_TYPE = 'Option',BUY_SELL,isNotNull,()
LANCELOT_DEAL_L,where PRODUCT_TYPE = 'Option',BUY_SELL,isGreaterThan,nan
LANCELOT_DEAL_L,where PRODUCT_TYPE = 'Option',BUY_SELL,isLessThan,nan
LANCELOT_DEAL_L,where PRODUCT_TYPE = 'Option',BUY_SELL,AmtIsLessThan,nan
LANCELOT_DEAL_L,where PRODUCT_TYPE = 'Option',BUY_SELL,inDomain,nan
LANCELOT_DEAL_L,where PRODUCT_TYPE = 'Porfolio Swap',BUY_SELL,isNotNull,()
LANCELOT_DEAL_L,where PRODUCT_TYPE = 'Porfolio Swap',BUY_SELL,isGreaterThan,nan
LANCELOT_DEAL_L,where PRODUCT_TYPE = 'Porfolio Swap',BUY_SELL,isLessThan,nan
LANCELOT_DEAL_L,where PRODUCT_TYPE = 'Porfolio Swap',BUY_SELL,AmtIsLessThan,nan
LANCELOT_DEAL_L,where PRODUCT_TYPE = 'Porfolio Swap',BUY_SELL,inDomain,nan
LANCELOT_DEAL_L,where PRODUCT_TYPE = 'Swaption',BUY_SELL,isNotNull,()
LANCELOT_DEAL_L,where PRODUCT_TYPE = 'Swaption',BUY_SELL,isGreaterThan,nan
LANCELOT_DEAL_L,where PRODUCT_TYPE = 'Swaption',BUY_SELL,isLessThan,nan
LANCELOT_DEAL_L,where PRODUCT_TYPE = 'Swaption',BUY_SELL,AmtIsLessThan,nan
LANCELOT_DEAL_L,where PRODUCT_TYPE = 'Swaption',BUY_SELL,inDomain,nan
LANCELOT_DEAL_L	,where PRODUCT_TYPE = 'Forex', PAY_CURRENCY,isNotNull,()
LANCELOT_DEAL_L	,where PRODUCT_TYPE = 'Forex', PAY_CURRENCY,isGreaterThan,nan
LANCELOT_DEAL_L	,where PRODUCT_TYPE = 'Forex', PAY_CURRENCY,isLessThan,nan
LANCELOT_DEAL_L	,where PRODUCT_TYPE = 'Forex', PAY_CURRENCY,AmtIsLessThan,nan
LANCELOT_DEAL_L	,where PRODUCT_TYPE = 'Forex', PAY_CURRENCY,inDomain,(Currency_3_Cd)
LANCELOT_DEAL_L	,where PRODUCT_TYPE = 'Forex', REC_CURRENCY,isNotNull,()
LANCELOT_DEAL_L	,where PRODUCT_TYPE = 'Forex', REC_CURRENCY,isGreaterThan,nan
LANCELOT_DEAL_L	,where PRODUCT_TYPE = 'Forex', REC_CURRENCY,isLessThan,nan
LANCELOT_DEAL_L	,where PRODUCT_TYPE = 'Forex', REC_CURRENCY,AmtIsLessThan,nan
LANCELOT_DEAL_L	,where PRODUCT_TYPE = 'Forex', REC_CURRENCY,inDomain,(Currency_3_Cd)
LANCELOT_DEAL_L	,where PRODUCT_TYPE = 'Forward', PAY_CURRENCY,isNotNull,()
LANCELOT_DEAL_L	,where PRODUCT_TYPE = 'Forward', PAY_CURRENCY,isGreaterThan,nan
LANCELOT_DEAL_L	,where PRODUCT_TYPE = 'Forward', PAY_CURRENCY,isLessThan,nan
LANCELOT_DEAL_L	,where PRODUCT_TYPE = 'Forward', PAY_CURRENCY,AmtIsLessThan,nan
LANCELOT_DEAL_L	,where PRODUCT_TYPE = 'Forward', PAY_CURRENCY,inDomain,(Currency_3_Cd)
LANCELOT_DEAL_L	,where PRODUCT_TYPE = 'Forward', REC_CURRENCY,isNotNull,()
LANCELOT_DEAL_L	,where PRODUCT_TYPE = 'Forward', REC_CURRENCY,isGreaterThan,nan
LANCELOT_DEAL_L	,where PRODUCT_TYPE = 'Forward', REC_CURRENCY,isLessThan,nan
LANCELOT_DEAL_L	,where PRODUCT_TYPE = 'Forward', REC_CURRENCY,AmtIsLessThan,nan
LANCELOT_DEAL_L	,where PRODUCT_TYPE = 'Forward', REC_CURRENCY,inDomain,(Currency_3_Cd)
LANCELOT_DEAL_L	,where PRODUCT_TYPE = 'Inflation ZC Swap', PAY_CURRENCY,isNotNull,()
LANCELOT_DEAL_L	,where PRODUCT_TYPE = 'Inflation ZC Swap', PAY_CURRENCY,isGreaterThan,nan
LANCELOT_DEAL_L	,where PRODUCT_TYPE = 'Inflation ZC Swap', PAY_CURRENCY,isLessThan,nan
LANCELOT_DEAL_L	,where PRODUCT_TYPE = 'Inflation ZC Swap', PAY_CURRENCY,AmtIsLessThan,nan
LANCELOT_DEAL_L	,where PRODUCT_TYPE = 'Inflation ZC Swap', PAY_CURRENCY,inDomain,(Currency_3_Cd)
LANCELOT_DEAL_L	,where PRODUCT_TYPE = 'Inflation ZC Swap', REC_CURRENCY,isNotNull,()
LANCELOT_DEAL_L	,where PRODUCT_TYPE = 'Inflation ZC Swap', REC_CURRENCY,isGreaterThan,nan
LANCELOT_DEAL_L	,where PRODUCT_TYPE = 'Inflation ZC Swap', REC_CURRENCY,isLessThan,nan
LANCELOT_DEAL_L	,where PRODUCT_TYPE = 'Inflation ZC Swap', REC_CURRENCY,AmtIsLessThan,nan
LANCELOT_DEAL_L	,where PRODUCT_TYPE = 'Inflation ZC Swap', REC_CURRENCY,inDomain,(Currency_3_Cd)
LANCELOT_DEAL_L	,where PRODUCT_TYPE = 'SC Swap', PAY_CURRENCY,isNotNull,()
LANCELOT_DEAL_L	,where PRODUCT_TYPE = 'SC Swap', PAY_CURRENCY,isGreaterThan,nan
LANCELOT_DEAL_L	,where PRODUCT_TYPE = 'SC Swap', PAY_CURRENCY,isLessThan,nan
LANCELOT_DEAL_L	,where PRODUCT_TYPE = 'SC Swap', PAY_CURRENCY,AmtIsLessThan,nan
LANCELOT_DEAL_L	,where PRODUCT_TYPE = 'SC Swap', PAY_CURRENCY,inDomain,(Currency_3_Cd)
LANCELOT_DEAL_L	,where PRODUCT_TYPE = 'SC Swap', REC_CURRENCY,isNotNull,()
LANCELOT_DEAL_L	,where PRODUCT_TYPE = 'SC Swap', REC_CURRENCY,isGreaterThan,nan
LANCELOT_DEAL_L	,where PRODUCT_TYPE = 'SC Swap', REC_CURRENCY,isLessThan,nan
LANCELOT_DEAL_L	,where PRODUCT_TYPE = 'SC Swap', REC_CURRENCY,AmtIsLessThan,nan
LANCELOT_DEAL_L	,where PRODUCT_TYPE = 'SC Swap', REC_CURRENCY,inDomain,(Currency_3_Cd)
LANCELOT_DEAL_L	,where PRODUCT_TYPE = 'Swaption', PAY_CURRENCY,isNotNull,()
LANCELOT_DEAL_L	,where PRODUCT_TYPE = 'Swaption', PAY_CURRENCY,isGreaterThan,nan
LANCELOT_DEAL_L	,where PRODUCT_TYPE = 'Swaption', PAY_CURRENCY,isLessThan,nan
LANCELOT_DEAL_L	,where PRODUCT_TYPE = 'Swaption', PAY_CURRENCY,AmtIsLessThan,nan
LANCELOT_DEAL_L	,where PRODUCT_TYPE = 'Swaption', PAY_CURRENCY,inDomain,(Currency_3_Cd)
LANCELOT_DEAL_L	,where PRODUCT_TYPE = 'Swaption', REC_CURRENCY,isNotNull,()
LANCELOT_DEAL_L	,where PRODUCT_TYPE = 'Swaption', REC_CURRENCY,isGreaterThan,nan
LANCELOT_DEAL_L	,where PRODUCT_TYPE = 'Swaption', REC_CURRENCY,isLessThan,nan
LANCELOT_DEAL_L	,where PRODUCT_TYPE = 'Swaption', REC_CURRENCY,AmtIsLessThan,nan
LANCELOT_DEAL_L	,where PRODUCT_TYPE = 'Swaption', REC_CURRENCY,inDomain,(Currency_3_Cd)
LANCELOT_DEAL_L	,where PRODUCT_TYPE = 'Future',UNITS,isNotNull,()
LANCELOT_DEAL_L	,where PRODUCT_TYPE = 'Future',UNITS,isGreaterThan,(0.01)
LANCELOT_DEAL_L	,where PRODUCT_TYPE = 'Future',UNITS,isLessThan,(1 000 000 000)
LANCELOT_DEAL_L	,where PRODUCT_TYPE = 'Future',UNITS,AmtIsLessThan,nan
LANCELOT_DEAL_L	,where PRODUCT_TYPE = 'Future',UNITS,inDomain,nan
LANCELOT_DEAL_L	,where PRODUCT_TYPE = 'Option',UNITS,isNotNull,()
LANCELOT_DEAL_L	,where PRODUCT_TYPE = 'Option',UNITS,isGreaterThan,(0.01)
LANCELOT_DEAL_L	,where PRODUCT_TYPE = 'Option',UNITS,isLessThan,(1 000 000 000)
LANCELOT_DEAL_L	,where PRODUCT_TYPE = 'Option',UNITS,AmtIsLessThan,nan
LANCELOT_DEAL_L	,where PRODUCT_TYPE = 'Option',UNITS,inDomain,nan
LANCELOT_DEAL_L,where PRODUCT_TYPE = 'CC Swap',CURRENCY,isNotNull,()
LANCELOT_DEAL_L,where PRODUCT_TYPE = 'CC Swap',CURRENCY,isGreaterThan,nan
LANCELOT_DEAL_L,where PRODUCT_TYPE = 'CC Swap',CURRENCY,isLessThan,nan
LANCELOT_DEAL_L,where PRODUCT_TYPE = 'CC Swap',CURRENCY,AmtIsLessThan,nan
LANCELOT_DEAL_L,where PRODUCT_TYPE = 'CC Swap',CURRENCY,inDomain,(Currency_3_Cd)
LANCELOT_DEAL_L,where PRODUCT_TYPE = 'CD Swap',CURRENCY,isNotNull,()
LANCELOT_DEAL_L,where PRODUCT_TYPE = 'CD Swap',CURRENCY,isGreaterThan,nan
LANCELOT_DEAL_L,where PRODUCT_TYPE = 'CD Swap',CURRENCY,isLessThan,nan
LANCELOT_DEAL_L,where PRODUCT_TYPE = 'CD Swap',CURRENCY,AmtIsLessThan,nan
LANCELOT_DEAL_L,where PRODUCT_TYPE = 'CD Swap',CURRENCY,inDomain,(Currency_3_Cd)
LANCELOT_DEAL_L,where PRODUCT_TYPE = 'Cap',CURRENCY,isNotNull,()
LANCELOT_DEAL_L,where PRODUCT_TYPE = 'Cap',CURRENCY,isGreaterThan,nan
LANCELOT_DEAL_L,where PRODUCT_TYPE = 'Cap',CURRENCY,isLessThan,nan
LANCELOT_DEAL_L,where PRODUCT_TYPE = 'Cap',CURRENCY,AmtIsLessThan,nan
LANCELOT_DEAL_L,where PRODUCT_TYPE = 'Cap',CURRENCY,inDomain,(Currency_3_Cd)
LANCELOT_DEAL_L,where PRODUCT_TYPE = 'Eq Option',CURRENCY,isNotNull,()
LANCELOT_DEAL_L,where PRODUCT_TYPE = 'Eq Option',CURRENCY,isGreaterThan,nan
LANCELOT_DEAL_L,where PRODUCT_TYPE = 'Eq Option',CURRENCY,isLessThan,nan
LANCELOT_DEAL_L,where PRODUCT_TYPE = 'Eq Option',CURRENCY,AmtIsLessThan,nan
LANCELOT_DEAL_L,where PRODUCT_TYPE = 'Eq Option',CURRENCY,inDomain,(Currency_3_Cd)
LANCELOT_DEAL_L,where PRODUCT_TYPE = 'FRA',CURRENCY,isNotNull,()
LANCELOT_DEAL_L,where PRODUCT_TYPE = 'FRA',CURRENCY,isGreaterThan,nan
LANCELOT_DEAL_L,where PRODUCT_TYPE = 'FRA',CURRENCY,isLessThan,nan
LANCELOT_DEAL_L,where PRODUCT_TYPE = 'FRA',CURRENCY,AmtIsLessThan,nan
LANCELOT_DEAL_L,where PRODUCT_TYPE = 'FRA',CURRENCY,inDomain,(Currency_3_Cd)
LANCELOT_DEAL_L,where PRODUCT_TYPE = 'FXC',CURRENCY,isNotNull,()
LANCELOT_DEAL_L,where PRODUCT_TYPE = 'FXC',CURRENCY,isGreaterThan,nan
LANCELOT_DEAL_L,where PRODUCT_TYPE = 'FXC',CURRENCY,isLessThan,nan
LANCELOT_DEAL_L,where PRODUCT_TYPE = 'FXC',CURRENCY,AmtIsLessThan,nan
LANCELOT_DEAL_L,where PRODUCT_TYPE = 'FXC',CURRENCY,inDomain,(Currency_3_Cd)
LANCELOT_DEAL_L,where PRODUCT_TYPE = 'FXD',CURRENCY,isNotNull,()
LANCELOT_DEAL_L,where PRODUCT_TYPE = 'FXD',CURRENCY,isGreaterThan,nan
LANCELOT_DEAL_L,where PRODUCT_TYPE = 'FXD',CURRENCY,isLessThan,nan
LANCELOT_DEAL_L,where PRODUCT_TYPE = 'FXD',CURRENCY,AmtIsLessThan,nan
LANCELOT_DEAL_L,where PRODUCT_TYPE = 'FXD',CURRENCY,inDomain,(Currency_3_Cd)
LANCELOT_DEAL_L,where PRODUCT_TYPE = 'FXF',CURRENCY,isNotNull,()
LANCELOT_DEAL_L,where PRODUCT_TYPE = 'FXF',CURRENCY,isGreaterThan,nan
LANCELOT_DEAL_L,where PRODUCT_TYPE = 'FXF',CURRENCY,isLessThan,nan
LANCELOT_DEAL_L,where PRODUCT_TYPE = 'FXF',CURRENCY,AmtIsLessThan,nan
LANCELOT_DEAL_L,where PRODUCT_TYPE = 'FXF',CURRENCY,inDomain,(Currency_3_Cd)
LANCELOT_DEAL_L,where PRODUCT_TYPE = 'FXFN',CURRENCY,isNotNull,()
LANCELOT_DEAL_L,where PRODUCT_TYPE = 'FXFN',CURRENCY,isGreaterThan,nan
LANCELOT_DEAL_L,where PRODUCT_TYPE = 'FXFN',CURRENCY,isLessThan,nan
LANCELOT_DEAL_L,where PRODUCT_TYPE = 'FXFN',CURRENCY,AmtIsLessThan,nan
LANCELOT_DEAL_L,where PRODUCT_TYPE = 'FXFN',CURRENCY,inDomain,(Currency_3_Cd)
LANCELOT_DEAL_L,where PRODUCT_TYPE = 'FXS',CURRENCY,isNotNull,()
LANCELOT_DEAL_L,where PRODUCT_TYPE = 'FXS',CURRENCY,isGreaterThan,nan
LANCELOT_DEAL_L,where PRODUCT_TYPE = 'FXS',CURRENCY,isLessThan,nan
LANCELOT_DEAL_L,where PRODUCT_TYPE = 'FXS',CURRENCY,AmtIsLessThan,nan
LANCELOT_DEAL_L,where PRODUCT_TYPE = 'FXS',CURRENCY,inDomain,(Currency_3_Cd)
LANCELOT_DEAL_L,where PRODUCT_TYPE = 'FXT',CURRENCY,isNotNull,()
LANCELOT_DEAL_L,where PRODUCT_TYPE = 'FXT',CURRENCY,isGreaterThan,nan
LANCELOT_DEAL_L,where PRODUCT_TYPE = 'FXT',CURRENCY,isLessThan,nan
LANCELOT_DEAL_L,where PRODUCT_TYPE = 'FXT',CURRENCY,AmtIsLessThan,nan
LANCELOT_DEAL_L,where PRODUCT_TYPE = 'FXT',CURRENCY,inDomain,(Currency_3_Cd)
LANCELOT_DEAL_L,where PRODUCT_TYPE = 'Floor',CURRENCY,isNotNull,()
LANCELOT_DEAL_L,where PRODUCT_TYPE = 'Floor',CURRENCY,isGreaterThan,nan
LANCELOT_DEAL_L,where PRODUCT_TYPE = 'Floor',CURRENCY,isLessThan,nan
LANCELOT_DEAL_L,where PRODUCT_TYPE = 'Floor',CURRENCY,AmtIsLessThan,nan
LANCELOT_DEAL_L,where PRODUCT_TYPE = 'Floor',CURRENCY,inDomain,(Currency_3_Cd)
LANCELOT_DEAL_L,where PRODUCT_TYPE = 'Future',CURRENCY,isNotNull,()
LANCELOT_DEAL_L,where PRODUCT_TYPE = 'Future',CURRENCY,isGreaterThan,nan
LANCELOT_DEAL_L,where PRODUCT_TYPE = 'Future',CURRENCY,isLessThan,nan
LANCELOT_DEAL_L,where PRODUCT_TYPE = 'Future',CURRENCY,AmtIsLessThan,nan
LANCELOT_DEAL_L,where PRODUCT_TYPE = 'Future',CURRENCY,inDomain,(Currency_3_Cd)
LANCELOT_DEAL_L,where PRODUCT_TYPE = 'Option',CURRENCY,isNotNull,()
LANCELOT_DEAL_L,where PRODUCT_TYPE = 'Option',CURRENCY,isGreaterThan,nan
LANCELOT_DEAL_L,where PRODUCT_TYPE = 'Option',CURRENCY,isLessThan,nan
LANCELOT_DEAL_L,where PRODUCT_TYPE = 'Option',CURRENCY,AmtIsLessThan,nan
LANCELOT_DEAL_L,where PRODUCT_TYPE = 'Option',CURRENCY,inDomain,(Currency_3_Cd)
LANCELOT_DEAL_L,where PRODUCT_TYPE = 'Porfolio Swap',CURRENCY,isNotNull,()
LANCELOT_DEAL_L,where PRODUCT_TYPE = 'Porfolio Swap',CURRENCY,isGreaterThan,nan
LANCELOT_DEAL_L,where PRODUCT_TYPE = 'Porfolio Swap',CURRENCY,isLessThan,nan
LANCELOT_DEAL_L,where PRODUCT_TYPE = 'Porfolio Swap',CURRENCY,AmtIsLessThan,nan
LANCELOT_DEAL_L,where PRODUCT_TYPE = 'Porfolio Swap',CURRENCY,inDomain,(Currency_3_Cd)
LANCELOT_DEAL_L,where PRODUCT_TYPE = 'TR Swap',CURRENCY,isNotNull,()
LANCELOT_DEAL_L,where PRODUCT_TYPE = 'TR Swap',CURRENCY,isGreaterThan,nan
LANCELOT_DEAL_L,where PRODUCT_TYPE = 'TR Swap',CURRENCY,isLessThan,nan
LANCELOT_DEAL_L,where PRODUCT_TYPE = 'TR Swap',CURRENCY,AmtIsLessThan,nan
LANCELOT_DEAL_L,where PRODUCT_TYPE = 'TR Swap',CURRENCY,inDomain,(Currency_3_Cd)
RISKWATCH_BOND_EXP,nan,VALUATION_DATE,isNotNull,()
RISKWATCH_BOND_EXP,nan,VALUATION_DATE,isGreaterThan,nan
RISKWATCH_BOND_EXP,nan,VALUATION_DATE,isLessThan,nan
RISKWATCH_BOND_EXP,nan,VALUATION_DATE,AmtIsLessThan,nan
RISKWATCH_BOND_EXP,nan,VALUATION_DATE,inDomain,nan
